iter	MSLE	RMSE
0	1.031139668	54360952.75
1	1.023522613	54257738.15
2	1.015610772	54130821.58
3	1.007864689	54021017.56
4	1.000785092	53920248.52
5	0.9936840287	53813197.97
6	0.9867935512	53715072.03
7	0.9795323685	53606371.04
8	0.9736739339	53511858.5
9	0.9669674198	53410141.75
10	0.9607592645	53308842.58
11	0.9544117271	53210882.81
12	0.9476996053	53100046.1
13	0.9415368709	53002612.86
14	0.9360598523	52901438.27
15	0.9302640186	52808227.28
16	0.9244091457	52700065.04
17	0.9184034462	52598381.54
18	0.9133584745	52506236.96
19	0.9076748382	52400437
20	0.901471849	52294272.73
21	0.8959763801	52196194.12
22	0.890411224	52091550.12
23	0.8847640992	51993823.88
24	0.8797952399	51897845.39
25	0.8743760906	51801866.72
26	0.8698782202	51711919.67
27	0.8648223179	51621456.47
28	0.8612820074	51536975.07
29	0.8573420153	51445376.95
30	0.8540794864	51353032.53
31	0.8501906733	51259964.05
32	0.8463466397	51177301.6
33	0.8414663606	51080294.27
34	0.8366441041	50988111.27
35	0.8319198063	50900368.45
36	0.8274625046	50811537.22
37	0.822906818	50724005.55
38	0.8186152831	50632723.51
39	0.8137529574	50542200.76
40	0.8090527437	50439089.38
41	0.8043032834	50344644.11
42	0.7994629132	50246148.02
43	0.7959420664	50158720.33
44	0.7919739128	50073077.55
45	0.7878205157	49988996.05
46	0.7836687111	49900563.85
47	0.7802984116	49814133.07
48	0.7766934768	49735467.72
49	0.7724883817	49651726.62
50	0.769220612	49561442.39
51	0.7650954216	49476761.48
52	0.7610778753	49389000.02
53	0.7572342151	49306685.34
54	0.753969068	49221425.6
55	0.750101527	49137742.37
56	0.7464941483	49057439.1
57	0.7426629244	48975258.3
58	0.7386932772	48894664.34
59	0.7350430411	48810609.3
60	0.7313781117	48716403.64
61	0.727358717	48626730.55
62	0.7237823855	48546189.66
63	0.7199350441	48462046.21
64	0.7167967609	48379281.68
65	0.7133671465	48291793.01
66	0.7101672681	48213144.29
67	0.7064405478	48129897.88
68	0.7024857945	48044404.78
69	0.6987126634	47959083.37
70	0.6951674787	47880549.95
71	0.6931485251	47802708.96
72	0.6900617773	47726667.42
73	0.6862549236	47643662.65
74	0.6831748558	47563909.58
75	0.6796275713	47488515.51
76	0.6762994035	47406558.83
77	0.6729525839	47326696.68
78	0.6700960824	47250032.32
79	0.6664796068	47163207.72
80	0.6630903608	47086675.42
81	0.6597354949	47010405.58
82	0.6563053719	46929135.24
83	0.6530259301	46851818.58
84	0.6500766069	46774469.92
85	0.6470665192	46697146.2
86	0.6440655607	46623371.84
87	0.6405855257	46538295
88	0.6374363808	46464719.1
89	0.6342143723	46386491.42
90	0.6311508281	46311820.12
91	0.6284268656	46235710.75
92	0.6263840948	46165124.65
93	0.6236515082	46096690.36
94	0.6203345673	46014964.64
95	0.6174251582	45944606.61
96	0.6159185444	45871281.92
97	0.6128770812	45794804.71
98	0.6105843746	45729684.43
99	0.6075564301	45654822.33
100	0.6052886583	45585160.53
101	0.60281733	45518299.03
102	0.6000063122	45449274.58
103	0.5970554354	45372633.08
104	0.5941261553	45300672.25
105	0.5913700079	45227381.26
106	0.5889226565	45155691.38
107	0.5865882888	45087228.85
108	0.583976071	45013674.48
109	0.5825451166	44954936.57
110	0.5826646884	44936575.37
111	0.5801343088	44862324.02
112	0.5779522711	44794897.57
113	0.5764766719	44729922.83
114	0.5743614189	44668585.31
115	0.5723245078	44599320.78
116	0.5696555065	44531993.9
117	0.5675592997	44467938.82
118	0.5648053616	44393466.36
119	0.561858787	44320822.51
120	0.5597024726	44252166.02
121	0.5583339507	44185405.57
122	0.5558503535	44115996.65
123	0.5545500823	44056001.69
124	0.5518565756	43988260.35
125	0.5496804582	43920469.25
126	0.5474905568	43852479.78
127	0.5449171043	43784554.99
128	0.5423611161	43713300.45
129	0.5399826562	43642293.3
130	0.538252606	43576720.63
131	0.5366721943	43514277.15
132	0.5343090087	43446822.21
133	0.5323060687	43381985.97
134	0.5298048559	43317770.98
135	0.5281930001	43252949.55
136	0.5272435118	43207375.53
137	0.5258367881	43140196.74
138	0.524149834	43078996.21
139	0.5216114528	43014037.79
140	0.520737177	42965625.03
141	0.519031239	42903876.03
142	0.5191732872	42886043.61
143	0.516730388	42816801.39
144	0.5145905605	42749578.02
145	0.5137127559	42696106.81
146	0.5121088365	42639232.79
147	0.5122223923	42621302.49
148	0.5100493504	42550793.09
149	0.5095216966	42510038.26
150	0.5072537226	42444624.96
151	0.5056838303	42384563.49
152	0.5047364437	42321089.43
153	0.5040119658	42267069.99
154	0.5015795119	42201971.82
155	0.5014326546	42172683.93
156	0.5014842272	42154801.72
157	0.5002472097	42093830.18
158	0.4987223188	42036686.82
159	0.4971045728	41975738.35
160	0.4948904233	41913244.3
161	0.4949708695	41895362.15
162	0.4927270195	41827271.31
163	0.4921480197	41786288.61
164	0.4898257695	41720076.68
165	0.489941047	41702567.41
166	0.4900559759	41685080.93
167	0.4879464145	41626036.25
168	0.4866736302	41572586.52
169	0.4847527926	41509814.43
170	0.4839461685	41458074.8
171	0.4834991295	41418114.05
172	0.4831378609	41379343.21
173	0.4813116471	41319792.48
174	0.4798515668	41260895.7
175	0.478064	41198576.62
176	0.4782208349	41181570.64
177	0.4768789722	41120686.2
178	0.4762941477	41076899.52
179	0.474472952	41017282.78
180	0.4744722295	40998899.25
181	0.4737178665	40958031.14
182	0.4729046681	40914544.51
183	0.4717586282	40856816.23
184	0.4699562093	40795122.02
185	0.4690169771	40739582.37
186	0.466974997	40676414.99
187	0.4657058832	40619710.08
188	0.4651825505	40580706.14
189	0.4630330221	40526194.94
190	0.4621448812	40470973.36
191	0.4610148505	40416953.76
192	0.4603322695	40376668.69
193	0.4584386255	40320886.49
194	0.4572412382	40274052.09
195	0.4556400023	40219695.49
196	0.454929896	40177779.06
197	0.4546956379	40137313.47
198	0.4530313992	40079158.59
199	0.4524319387	40037830.1
200	0.4515010499	39984647.14
201	0.451007597	39947103.52
202	0.4507014213	39911110.36
203	0.4488213516	39852068.42
204	0.4486776043	39810829.26
205	0.4477317664	39758353.5
206	0.4472898673	39721666.79
207	0.4474169117	39705193.87
208	0.4474896655	39688476.19
209	0.4475722141	39671513.96
210	0.4469433591	39629872.87
211	0.4465350718	39594444.41
212	0.4463325514	39553752.78
213	0.4455757776	39509299.44
214	0.4440802309	39454823.76
215	0.4442048291	39438503.17
216	0.4442878862	39422186.42
217	0.4430135085	39374673.75
218	0.4412196589	39315867.68
219	0.4391993663	39258638.46
220	0.4372517003	39199245.6
221	0.4374116864	39183267.6
222	0.4375459547	39166588.27
223	0.4356032768	39108151.24
224	0.4357614271	39092256.49
225	0.4352165898	39053207.33
226	0.4333576974	38998699.76
227	0.4328568288	38955317.32
228	0.4323129157	38919463.01
229	0.4316081604	38879316.21
230	0.431705794	38863293.51
231	0.4318639716	38847575.47
232	0.4301188016	38788471.6
233	0.4284060781	38735662.99
234	0.4270476815	38687703.45
235	0.426868954	38649129.03
236	0.4262281327	38606280.6
237	0.4262950816	38590084.87
238	0.4256857854	38549318.64
239	0.424555045	38499622.23
240	0.4241295057	38462458.55
241	0.4235716644	38418840.6
242	0.4232138862	38381902.29
243	0.4229000293	38345880.15
244	0.4212169234	38290952.48
245	0.4206540083	38255829.03
246	0.4208141499	38240434.17
247	0.4209310176	38224111.93
248	0.4210662093	38208489.15
249	0.4200727348	38162722.85
250	0.4185611158	38109379.64
251	0.4186441134	38093814.02
252	0.418791247	38078426.66
253	0.4188848707	38062911.38
254	0.4190621742	38047682.06
255	0.4191948372	38032366.61
256	0.4179247624	37983981.42
257	0.4180580371	37968721.29
258	0.4175405135	37932137.34
259	0.4177161498	37917045.27
260	0.4174740109	37882878.68
261	0.4171729397	37847254.75
262	0.4169736907	37811688.58
263	0.4159800799	37768117.81
264	0.4143690208	37716430.94
265	0.4128924346	37662007.13
266	0.4122253132	37624152.28
267	0.4120957986	37587343.93
268	0.4117040901	37552548.36
269	0.4118221567	37537659.39
270	0.4101049983	37485306.59
271	0.4096845451	37449332.5
272	0.4080520529	37401457.28
273	0.4081676797	37386649.37
274	0.408302581	37371806.5
275	0.4079414408	37337034.38
276	0.4075363011	37302597.22
277	0.4076174136	37287362.53
278	0.4074032135	37255638.34
279	0.4075067613	37240974.46
280	0.4076235069	37226373.37
281	0.4077136906	37211667.86
282	0.4071578531	37174613.61
283	0.4053909686	37121978.68
284	0.4051019172	37088075.72
285	0.4040449905	37038711.6
286	0.4034404915	37002909.38
287	0.4029709987	36968488.46
288	0.4017643073	36921295.15
289	0.4006511591	36874549.98
290	0.399797313	36828215.2
291	0.399618246	36794404.24
292	0.3992446464	36762060.09
293	0.3982977674	36718039.51
294	0.3979971315	36685730.51
295	0.3969630927	36638486.82
296	0.3965084736	36601282.23
297	0.3965990906	36586651.64
298	0.3964573566	36552773.76
299	0.3962054647	36521384.62
300	0.395688346	36481901.98
301	0.3951125542	36447928.67
302	0.3951909421	36433322.14
303	0.3948263964	36398526.03
304	0.3943279492	36363831.86
305	0.3938325357	36331100.29
306	0.3933245987	36286695.02
307	0.3934821279	36272766.63
308	0.3935921342	36258711.65
309	0.3931054564	36225356.76
310	0.3932773422	36211441.58
311	0.3931468938	36181497.38
312	0.3927851889	36150122.76
313	0.3923525238	36116575.58
314	0.3917062475	36079644.97
315	0.3910778513	36042523.58
316	0.3901879283	35999977.69
317	0.390295125	35986057.17
318	0.3893125209	35940884.65
319	0.3891884097	35907870.14
320	0.3893311365	35894204.32
321	0.3889872615	35861717.85
322	0.3878053621	35820499.06
323	0.3872403517	35784094.1
324	0.3861520318	35739205.04
325	0.3862363315	35724559.89
326	0.386384258	35711036.53
327	0.3864905498	35697467.15
328	0.3863066005	35663323.66
329	0.3849625497	35615121.59
330	0.3842836502	35575952.31
331	0.3834794031	35536722.31
332	0.3832122973	35505272.6
333	0.3820191051	35461798.17
334	0.3820437788	35446396.88
335	0.3813315923	35405485.16
336	0.3798479456	35359059.86
337	0.3799687389	35345273.83
338	0.3795205499	35313333.58
339	0.3782524231	35263421.51
340	0.3779070628	35231418.69
341	0.3768097993	35187867.91
342	0.3764892246	35156005.89
343	0.37537571	35115051.47
344	0.3755124099	35101849.18
345	0.3746170572	35060863.36
346	0.3741601151	35026746.6
347	0.3731658354	34982760.54
348	0.3728890299	34948080.93
349	0.3726875076	34918380.29
350	0.371957711	34882407.56
351	0.3720177105	34869095.34
352	0.3705140513	34823924.97
353	0.3703740145	34794938.59
354	0.3693897718	34752651.35
355	0.3694384621	34739451.19
356	0.3692427584	34710611.31
357	0.3683074385	34671001.61
358	0.3680754931	34641047.74
359	0.3674940688	34607858.99
360	0.3671524398	34578558.93
361	0.3670364099	34550583.75
362	0.3671388507	34537346.38
363	0.3668380068	34507686.64
364	0.3669580821	34494917.69
365	0.3660528424	34450115.3
366	0.3646707943	34403470.54
367	0.3633062182	34359540.72
368	0.362803602	34326676.29
369	0.3629245636	34313895.98
370	0.3627304545	34286765.81
371	0.3628782016	34274194.51
372	0.3626855776	34244595.59
373	0.3628164014	34231934.95
374	0.3625040156	34203719.25
375	0.3626411535	34190475.85
376	0.3627277451	34177429.26
377	0.3624068957	34146293.09
378	0.3624905129	34133678.18
379	0.3615034709	34089593.18
380	0.3616230918	34077155.54
381	0.3614225391	34048428.5
382	0.3615223007	34035031.34
383	0.3612788368	34006296.97
384	0.3611920142	33979676.06
385	0.3613088711	33967080.9
386	0.3614090103	33953935.03
387	0.3609718992	33923083.5
388	0.3605380457	33892461.42
389	0.3591648088	33847078.31
390	0.3592828194	33834700.38
391	0.358958044	33805464.26
392	0.3586044205	33774166.43
393	0.35724286	33729182.64
394	0.3573844253	33717119.43
395	0.3575286567	33704211.51
396	0.3565146046	33661558.7
397	0.3555370917	33623506.55
398	0.3556552255	33611211.43
399	0.3551029027	33575742.26
400	0.3548216184	33548545.1
401	0.3549518703	33536425.15
402	0.3550622727	33524430.41
403	0.354100572	33483801.56
404	0.352814005	33440890.95
405	0.352913185	33428825.6
406	0.3530297303	33416808.37
407	0.3529602525	33388585.01
408	0.3519047611	33346131.71
409	0.3520154073	33334327.98
410	0.3517005961	33305109.38
411	0.3517807111	33293232.71
412	0.3512130285	33264687.21
413	0.3502369064	33226066.02
414	0.3496503128	33194171.77
415	0.3495958482	33167705.75
416	0.3491914674	33136718.87
417	0.349307202	33124902.13
418	0.3493931	33113241.79
419	0.3487622847	33081552.83
420	0.3478258038	33042735.91
421	0.3468628181	33004247.09
422	0.3462728523	32974989.66
423	0.3462577812	32954287.99
424	0.3460133073	32927814.25
425	0.3452125931	32889659.44
426	0.3453273378	32878067.26
427	0.3450782957	32850728.05
428	0.3447940821	32818991.08
429	0.3449211407	32807436.17
430	0.3446262447	32779996.7
431	0.3440562351	32748031.03
432	0.3426881956	32707354.74
433	0.3413764297	32664886.04
434	0.3410219689	32631792.92
435	0.3410736432	32619885.13
436	0.3403386493	32586304.64
437	0.3400109914	32557655.92
438	0.3396743969	32527511.37
439	0.339785455	32516188.77
440	0.3396488562	32488414.78
441	0.3388023886	32451031.39
442	0.3385803133	32421600.43
443	0.3386812012	32409861.79
444	0.3378612745	32372586.58
445	0.3379955837	32361527.37
446	0.3378099787	32332291.23
447	0.3379195937	32321128.52
448	0.3378978606	32301186.55
449	0.3380204451	32290155.45
450	0.3381282333	32279164.8
451	0.3378097849	32252332.5
452	0.3375189421	32224330.7
453	0.3360910259	32180752.13
454	0.3356469024	32148880.01
455	0.3355940567	32124026.27
456	0.3355903005	32105571.87
457	0.3350045148	32071413.63
458	0.3339378336	32032128.03
459	0.333712357	32005550.05
460	0.3327021265	31969811.57
461	0.3327983331	31958896.7
462	0.332395648	31931868.57
463	0.332288881	31905996.91
464	0.3324080001	31895171.89
465	0.3316742952	31857997.55
466	0.3318034734	31847335.77
467	0.331911892	31836386.62
468	0.332018214	31825728.46
469	0.33183113	31801520.21
470	0.3315584466	31775165.6
471	0.3305650842	31738125.25
472	0.3304899502	31713925.24
473	0.330563685	31702495.34
474	0.329556546	31665483.17
475	0.3296660695	31654804.2
476	0.3287731706	31616487.99
477	0.3288475403	31605769.86
478	0.3289421031	31595174.13
479	0.3288803829	31570807.54
480	0.3288479178	31551125.89
481	0.3288504127	31533743.11
482	0.3284340114	31507021.36
483	0.3282181126	31481759.07
484	0.3280384296	31456625.5
485	0.3281627868	31446329.75
486	0.3282580673	31435707.46
487	0.3283711263	31425342.05
488	0.327727455	31390352.89
489	0.3269589775	31355000.62
490	0.3266703653	31325917.07
491	0.3264619531	31301389.42
492	0.3261876737	31274150.05
493	0.3258787924	31246708.88
494	0.3252088254	31210209.41
495	0.3253108272	31200052.54
496	0.325398096	31189693.09
497	0.324713212	31154424.74
498	0.3235342644	31117268.89
499	0.3228894469	31082578.12
500	0.3229916951	31072505.62
501	0.3227801059	31046568.83
502	0.3225441999	31021171.15
503	0.3223701812	30997528.06
504	0.3219155581	30969807.66
505	0.3216468878	30942524.19
506	0.3215786522	30919669.23
507	0.3213988404	30895555.94
508	0.3210491601	30871293.79
509	0.3207297014	30844323.46
510	0.3203492625	30815636.93
511	0.3193024218	30781262.32
512	0.3186097457	30744594.24
513	0.3187224675	30734560.89
514	0.3186973163	30716029.81
515	0.3185077918	30691243.33
516	0.3183110534	30666349.44
517	0.3175239524	30631677.42
518	0.3168323916	30597964.09
519	0.3167591527	30575865.24
520	0.3166608949	30551013.64
521	0.3162835933	30522558.05
522	0.3160740498	30499340.11
523	0.3155439572	30471488.48
524	0.315664346	30461845.39
525	0.3150000115	30429251.92
526	0.3138499456	30391998.12
527	0.3139630683	30382340.53
528	0.3134709616	30353087.78
529	0.3135776992	30343226.18
530	0.3128722242	30309873.13
531	0.3124412951	30281936.33
532	0.3115337839	30248179.81
533	0.3111884626	30223361.91
534	0.3112678363	30213627.22
535	0.3113774058	30203958.36
536	0.3112390221	30181328.37
537	0.3110246822	30157172.97
538	0.3108320174	30133087.67
539	0.3097322893	30097144.91
540	0.3089365243	30063617.83
541	0.308574112	30037464.72
542	0.3083122587	30013067.58
543	0.3082721786	29991935.32
544	0.3080965967	29966425.42
545	0.3079071534	29942994.3
546	0.3068857739	29903589.02
547	0.3068175602	29881642.25
548	0.3068620271	29871220.11
549	0.3068116034	29850306.13
550	0.3059392855	29817601.21
551	0.3053148992	29783495.36
552	0.305416507	29774020.99
553	0.3045408344	29739701.2
554	0.3046538818	29730466.27
555	0.3044984068	29707680.99
556	0.3046135038	29698542.78
557	0.3047162481	29689317.35
558	0.3037577032	29651865.95
559	0.303575554	29634133.14
560	0.3034803722	29611044.8
561	0.303586817	29601917.81
562	0.3035828907	29584580.9
563	0.3028113252	29551294.1
564	0.3019568125	29518274.01
565	0.3019259614	29497212.29
566	0.3015747185	29469922.46
567	0.3008874001	29438470.31
568	0.3005801681	29416634.25
569	0.2997872215	29381634.15
570	0.2996628096	29360094.96
571	0.2995271793	29338449.77
572	0.298929564	29307720.04
573	0.2990135803	29298615.57
574	0.2987981462	29276366.18
575	0.2979576266	29240060.28
576	0.2980433072	29230760.38
577	0.2977931999	29208671.27
578	0.2976452075	29186741.75
579	0.2972122568	29158706.71
580	0.2970555532	29139947.72
581	0.296932003	29117953.92
582	0.2969870716	29109002.81
583	0.297076155	29100125.22
584	0.2968647706	29075760.7
585	0.2966233558	29049777.02
586	0.2967148726	29040181.27
587	0.2967571418	29031214.97
588	0.2967480009	29015536.71
589	0.2968325989	29006800.76
590	0.2967804251	28986671.95
591	0.2961724147	28956644.78
592	0.2960748942	28936255.67
593	0.2954291995	28904568.18
594	0.2953911874	28887799.37
595	0.2954039142	28871605.65
596	0.2955117841	28863083.56
597	0.294846573	28834845.54
598	0.2940967702	28800313.36
599	0.2937605031	28776756.66
600	0.2937274181	28756989.26
601	0.2937457568	28742618.62
602	0.2935448078	28720849.49
603	0.293601488	28710986.72
604	0.293540389	28692116.09
605	0.2936307558	28683676.15
606	0.2934833277	28662876.5
607	0.2930951093	28640441.25
608	0.2930707178	28624192.33
609	0.2920802468	28591257.58
610	0.2914687012	28560512.71
611	0.2915697002	28552086.3
612	0.2907477776	28519285.64
613	0.290495354	28497010.49
614	0.2905922018	28488750.11
615	0.2899549592	28459335.04
616	0.2891649352	28427913.71
617	0.288265686	28396638.45
618	0.2883534084	28388390.38
619	0.2882475574	28368816.97
620	0.2883244165	28360522.32
621	0.2881903393	28339954.96
622	0.2882781545	28331722.79
623	0.2881037558	28312901.57
624	0.2881986828	28304779.19
625	0.2878140965	28281219.17
626	0.2879095261	28273083.64
627	0.2878735491	28254536.54
628	0.2876032419	28231741.46
629	0.2874745711	28212492.37
630	0.2875752845	28204441.03
631	0.2869044995	28171818.33
632	0.2867406679	28149244.48
633	0.2868400982	28140975.53
634	0.2869348237	28132961.95
635	0.2866423228	28110424.33
636	0.286746466	28102511.63
637	0.2868335735	28094608.97
638	0.2860457911	28064013.98
639	0.285210459	28034340.44
640	0.285312363	28026486.37
641	0.2854137307	28018661.55
642	0.2847083174	27990864.79
643	0.2839124095	27959253.08
644	0.2829239256	27927989.26
645	0.282507265	27905713.88
646	0.2814775307	27875084.4
647	0.2813764661	27856192.82
648	0.2808557431	27825717.54
649	0.2806677398	27805263.98
650	0.2806089225	27787389.77
651	0.2806955116	27779373.49
652	0.2806736642	27761366.96
653	0.2807197338	27752380.61
654	0.2808179531	27744731.9
655	0.2803353812	27718436.32
656	0.2796742283	27688586.26
657	0.2797265268	27680016.16
658	0.2791334173	27651856.17
659	0.2789075077	27635987.98
660	0.2788187618	27617094.14
661	0.2780542179	27587932.66
662	0.2778981134	27567163.23
663	0.2769290343	27537738.66
664	0.2767485668	27517810.2
665	0.2766180655	27498362.7
666	0.2756867707	27467366.48
667	0.2754554928	27445877.73
668	0.2755490087	27438327.06
669	0.2755136562	27421667.79
670	0.2754134106	27402560.78
671	0.2754969119	27395118.86
672	0.275404192	27377130.72
673	0.2753461063	27358617.56
674	0.2754370791	27351181.22
675	0.2755278852	27343747.49
676	0.275365112	27324810.43
677	0.2754441688	27317371.94
678	0.2755381911	27310044.28
679	0.2754102021	27289803.03
680	0.2751606996	27270113.68
681	0.2751036466	27252046.34
682	0.2751835349	27244576.18
683	0.274332092	27214050.23
684	0.2737619907	27188482.79
685	0.2732076576	27161137.63
686	0.2731875903	27143018.93
687	0.2724493639	27114170.17
688	0.2722838607	27092983.05
689	0.2723599508	27085043.24
690	0.2723277575	27070037.02
691	0.2723086729	27052081.01
692	0.2723180699	27044404.09
693	0.2715787515	27016691.3
694	0.2714402929	26999687.29
695	0.2715282682	26992541.08
696	0.2709186893	26966628.9
697	0.2707467364	26947383.57
698	0.2707045664	26929516.62
699	0.270782	26922406.77
700	0.2708677882	26915292.92
701	0.2700080915	26884989.17
702	0.2700873443	26877977.35
703	0.2699913252	26859531.77
704	0.2697904422	26837468.13
705	0.2697101535	26819543.27
706	0.2694999543	26800104.65
707	0.2695412075	26792097.23
708	0.2696202384	26785165.64
709	0.2694167796	26765318.01
710	0.2690472309	26743389.85
711	0.2687049368	26718830.7
712	0.2687937639	26711959.55
713	0.268045707	26682294.02
714	0.2679166903	26663755.76
715	0.2671822064	26634754.26
716	0.2665678238	26609236.13
717	0.2660440053	26582796.64
718	0.26609912	26575907.73
719	0.2658118167	26554088.24
720	0.2658863979	26547135.94
721	0.2657740644	26530243.22
722	0.2653167844	26503324.56
723	0.2653989518	26496527.95
724	0.2654864454	26489790.39
725	0.2647806931	26461460.63
726	0.2646636591	26443256.35
727	0.2647302762	26436478.58
728	0.2641907304	26410733
729	0.2634041035	26382524.73
730	0.2632527756	26362680
731	0.2626861246	26335571.9
732	0.2620307407	26309164.38
733	0.2621069745	26302482.79
734	0.2620636077	26285726.8
735	0.2620843668	26278385.04
736	0.2614991957	26253845.78
737	0.2613316197	26234578.01
738	0.2613077956	26219662.37
739	0.2606795167	26195915.21
740	0.2600599409	26168923.54
741	0.2601239842	26162354.65
742	0.2600700793	26146475.03
743	0.259543034	26121012.3
744	0.2593516207	26101604.8
745	0.2594282641	26095116.02
746	0.2595072005	26087912.42
747	0.2590724097	26063538.85
748	0.2591214582	26056879.82
749	0.2590753261	26043737.67
750	0.2591565362	26037206.49
751	0.2588314464	26015168.84
752	0.258786406	25999692.89
753	0.2586017476	25981055.56
754	0.2585726361	25965507.98
755	0.2586483798	25959134.07
756	0.2584950035	25941322.75
757	0.2585739232	25934947.64
758	0.2578865271	25908729.64
759	0.2579604246	25902414.57
760	0.2580349492	25896120.4
761	0.2581092656	25889215.39
762	0.2581794776	25882873.6
763	0.2581326446	25867887.27
764	0.2576229037	25843296.27
765	0.257506635	25824463.72
766	0.2567228366	25798148.3
767	0.2565920103	25779360.44
768	0.2565274431	25763463.84
769	0.2564435201	25748276.54
770	0.2564989423	25741729.76
771	0.256411608	25724636.9
772	0.2562601182	25706018.29
773	0.2561516898	25689724.72
774	0.2560849732	25673889.99
775	0.2561538377	25667615.3
776	0.2562126555	25660668.99
777	0.2556318613	25636460.26
778	0.254807722	25608319.49
779	0.2544774565	25586772.14
780	0.2543484952	25569892.34
781	0.2544286087	25563778.54
782	0.2542549429	25544739.59
783	0.2537844718	25520005.28
784	0.2538469132	25513970.84
785	0.253008086	25488846.37
786	0.2524814207	25463225.07
787	0.2523854986	25447011.56
788	0.2515868007	25418665.03
789	0.2516636561	25412660.2
790	0.2516103121	25398459.5
791	0.2516714163	25392421.67
792	0.2516167122	25377344.07
793	0.2516867498	25371378.26
794	0.2514465865	25353452.2
795	0.2514314772	25340924.44
796	0.2515112594	25335044.98
797	0.2508283579	25309405.54
798	0.2505433633	25288364.39
799	0.2498770208	25259557.26
800	0.2499485177	25253612.73
801	0.2498176185	25235449.07
802	0.2496343985	25215065.65
803	0.2497063446	25209207.2
804	0.2497786887	25203408.19
805	0.2498500648	25197593.27
806	0.2498231347	25181693.02
807	0.2498741386	25175641.95
808	0.2497887765	25160024.99
809	0.2498466052	25153828.81
810	0.2497644619	25139250
811	0.249312685	25117513.69
812	0.2491891789	25102230.8
813	0.2492658215	25096547.77
814	0.2492452438	25083732.12
815	0.2493144397	25078068.93
816	0.2493757631	25072344.55
817	0.2493159322	25057346.14
818	0.2492839216	25043071.23
819	0.2493561798	25037387.3
820	0.2492543784	25020342.23
821	0.2493214787	25014712.78
822	0.2492480901	24999065.11
823	0.2492495229	24987194.89
824	0.2487556159	24965240.09
825	0.248698685	24950811.21
826	0.2486297385	24935952.19
827	0.2485773	24921678.45
828	0.2479817427	24894861.5
829	0.2474975092	24869759.79
830	0.2474512509	24855754.71
831	0.2475192295	24850248.57
832	0.2475923572	24844744.46
833	0.2469250129	24818275.65
834	0.2463703755	24790744.14
835	0.2462886572	24776492.73
836	0.2457797461	24752803.64
837	0.2454345973	24730522.71
838	0.2454938088	24724477.92
839	0.2454137875	24709197.69
840	0.2453920488	24697431.93
841	0.2452058372	24680605.01
842	0.2451866646	24668738.02
843	0.2450045587	24649881.42
844	0.2449562378	24636549.31
845	0.2449844534	24630329.91
846	0.2450617926	24624904.31
847	0.2451104133	24618834.02
848	0.2451827912	24613496.62
849	0.24507981	24598630.92
850	0.2449830104	24583796.5
851	0.2449835555	24569573.63
852	0.2444958938	24548618.38
853	0.2445676879	24543361.91
854	0.2444800634	24528485.36
855	0.244449603	24516910.78
856	0.2438916365	24495791.66
857	0.2434432063	24473333.61
858	0.2433790991	24459322.76
859	0.2429547251	24437830.38
860	0.2424088366	24415205.66
861	0.2419563858	24393123.04
862	0.2414455974	24366111.41
863	0.2414283701	24355099.8
864	0.2414103698	24344349.23
865	0.2414755286	24339170.06
866	0.2409507502	24317602.41
867	0.2406698774	24299520.17
868	0.2407415832	24294390.35
869	0.2408101967	24289253.29
870	0.2404103511	24266186.58
871	0.2398170317	24244188.57
872	0.2393279933	24224318.03
873	0.2392660894	24210977.96
874	0.239211817	24196672.7
875	0.239276279	24191606.8
876	0.2391692988	24175302.5
877	0.2388147369	24154370.16
878	0.2383667691	24132991.9
879	0.237766998	24110098.85
880	0.2378360098	24105002.97
881	0.2371532556	24079976.69
882	0.2369122381	24062668.56
883	0.2369828627	24057691.32
884	0.2370478377	24052661.64
885	0.2368564342	24034927.7
886	0.2366499038	24017275.55
887	0.2361003166	23996863.85
888	0.236030541	23980913.42
889	0.2359646859	23968089.89
890	0.2358814708	23952554.82
891	0.2352905364	23928890.55
892	0.2353342498	23923138.63
893	0.2347923762	23902258.74
894	0.2348589053	23897382.85
895	0.2349207335	23892382.14
896	0.2348707629	23879253.23
897	0.2349234928	23874354.65
898	0.2349942641	23869424.9
899	0.2349681909	23856711.28
900	0.2350295223	23851706.58
901	0.2350766508	23846091.25
902	0.2345447007	23823513.5
903	0.2344607247	23808890.29
904	0.2345159515	23804101.26
905	0.2344663956	23791383.38
906	0.2345263822	23786506.67
907	0.2345877983	23781758.37
908	0.2342933099	23763582.12
909	0.2340572061	23744768.71
910	0.2341221029	23739970.26
911	0.2336143775	23722826.29
912	0.233485488	23707824.27
913	0.2335268556	23702989.08
914	0.2334877535	23689646.59
915	0.2334401223	23678031.89
916	0.2333549346	23664277.68
917	0.233254763	23649711.5
918	0.2333206355	23645050.48
919	0.2327847486	23625367.85
920	0.2323781752	23606167.24
921	0.2320261275	23587442.26
922	0.2319021776	23575345.91
923	0.2318261385	23561658.01
924	0.2317489346	23548726.75
925	0.23152192	23533367.37
926	0.2313503188	23516562.52
927	0.2313884331	23511820.96
928	0.2308233974	23487799.26
929	0.230778322	23476847.01
930	0.2302719604	23455712.76
931	0.2301879858	23443108.43
932	0.2297667852	23422947.45
933	0.2291395332	23397755.87
934	0.2292026193	23393224.78
935	0.2292669012	23388554.36
936	0.229183613	23375303.46
937	0.2291743663	23365297.32
938	0.2290771905	23351542.06
939	0.2289787105	23336591.85
940	0.2289007425	23324111.44
941	0.2287808933	23307948.96
942	0.2281760879	23289513.68
943	0.2280642182	23273919.17
944	0.2277415362	23256538.61
945	0.227709893	23244852.82
946	0.2277744264	23240436.13
947	0.2278430991	23235902.14
948	0.227896459	23231270.25
949	0.2279554897	23226871.7
950	0.2278940821	23214332
951	0.227954991	23209956.58
952	0.2274292426	23189649.79
953	0.2272465561	23173174.02
954	0.2273084148	23168791.71
955	0.2266026982	23143084.53
956	0.2266236589	23133500.57
957	0.2261167682	23113883.22
958	0.2260028556	23100213.64
959	0.2259958451	23090615.99
960	0.2257822013	23073378.82
961	0.2254395452	23053982.81
962	0.2254165255	23043638.81
963	0.2254284375	23031889.39
964	0.2254824511	23027550.29
965	0.2250534896	23005837.7
966	0.2246836458	22986831.82
967	0.2247371507	22982532.89
968	0.2247985984	22978189.1
969	0.2247031766	22964907.66
970	0.2246878752	22955592.66
971	0.2246825001	22945828.22
972	0.2247439658	22941632.98
973	0.2247650201	22936665.84
974	0.2247585426	22927053.05
975	0.224471283	22911625.08
976	0.2239793752	22891121.23
977	0.2236870486	22871583.91
978	0.2236786191	22862149.03
979	0.2231876981	22840396.63
980	0.2231711248	22829563.53
981	0.2232002025	22824745.79
982	0.223254162	22820603.45
983	0.2233146275	22816500.46
984	0.2228588385	22796092.09
985	0.2229137324	22791969.38
986	0.2227606934	22779130.64
987	0.2224461911	22761306.12
988	0.2219346064	22742459.07
989	0.2214825311	22724253.5
990	0.2214039585	22712308.3
991	0.221393443	22702113.24
992	0.2207216568	22683165.01
993	0.2207778299	22679135.31
994	0.2207772834	22670042.58
995	0.220821391	22665893.87
996	0.2202468071	22647029.4
997	0.2201826688	22636519.21
998	0.2200613232	22622513.81
999	0.2199807627	22611352.03
1000	0.2198202102	22598403.82
1001	0.2198202153	22589313.27
1002	0.2195758858	22571004.57
1003	0.219609815	22565362.35
1004	0.2196741872	22561410.68
1005	0.2192483264	22542272.22
1006	0.2188250908	22522842.56
1007	0.2183519736	22502503.4
1008	0.2183180342	22491267.58
1009	0.2183275708	22481492.65
1010	0.2183575723	22477305.97
1011	0.2179042183	22459813.96
1012	0.2177204576	22444165.21
1013	0.2176467703	22433497.21
1014	0.2173995513	22415567.21
1015	0.217382935	22406070.07
1016	0.2169111226	22387538.02
1017	0.216634003	22372686.04
1018	0.2165420082	22361725.04
1019	0.2158907677	22343198.49
1020	0.2158120008	22330710.81
1021	0.2157342432	22317995.08
1022	0.2155384209	22307688.64
1023	0.2154081013	22291824.42
1024	0.2150896078	22276744.74
1025	0.215084645	22267379.07
1026	0.2148141943	22246990.73
1027	0.2144151782	22230470.54
1028	0.2143945108	22219651.33
1029	0.2144409568	22215869.66
1030	0.2140001925	22195973.07
1031	0.2134247152	22182294.92
1032	0.2134215504	22173609.02
1033	0.213332082	22160699.61
1034	0.2133136025	22151164.97
1035	0.2131668168	22134347.21
1036	0.2132294226	22130630.2
1037	0.2132855698	22126932.03
1038	0.213336551	22123166.77
1039	0.2133857744	22118935.62
1040	0.2129867055	22097760.59
1041	0.2128607876	22086466.36
1042	0.2128672938	22077030.99
1043	0.2129198094	22073394.42
1044	0.2126841234	22055847.35
1045	0.2122325523	22037420.91
1046	0.212274231	22033636.49
1047	0.211805681	22016902.81
1048	0.2117686329	22006973.3
1049	0.2113802342	21990444.14
1050	0.211360666	21980095.38
1051	0.2112409995	21970271.49
1052	0.2112880098	21966394.55
1053	0.2110101071	21948199.32
1054	0.2109787949	21939762.45
1055	0.2109923475	21930770.15
1056	0.2108695216	21917185.26
1057	0.2108696296	21908969.78
1058	0.210923573	21905415.23
1059	0.2106981118	21888817.31
1060	0.2104144256	21875022.75
1061	0.2102032514	21859662.52
1062	0.2102115598	21851319.87
1063	0.2102602322	21847627.95
1064	0.2098011837	21829906.98
1065	0.2098514183	21826381.33
1066	0.2099043785	21822865.42
1067	0.2095152628	21804497.33
1068	0.2092965972	21789341.6
1069	0.2092280932	21780088.45
1070	0.2092840717	21776532.74
1071	0.2088977068	21760228.7
1072	0.2087559027	21750931.07
1073	0.208691571	21740834.11
1074	0.2086837093	21732067.87
1075	0.2087418587	21728635.35
1076	0.208770206	21724626.59
1077	0.2085204016	21711273.09
1078	0.2084915837	21700329.69
1079	0.2080097287	21684746.48
1080	0.2075492344	21664231.08
1081	0.2074952389	21653012.24
1082	0.2074466248	21644034.45
1083	0.2074083047	21636129.55
1084	0.2073717046	21628586.23
1085	0.2072376647	21616153.01
1086	0.2071694142	21606363.64
1087	0.2069258628	21593770.88
1088	0.2069181849	21585907.98
1089	0.2069138577	21577981.28
1090	0.2068524229	21565480.96
1091	0.2067482588	21555106.84
1092	0.2065347597	21538993.31
1093	0.2065797304	21535229.17
1094	0.2062048685	21519304.1
1095	0.2062526137	21515882.62
1096	0.2063007215	21512589.24
1097	0.2063029372	21503917.82
1098	0.2059895199	21489109.82
1099	0.2059184676	21479383.73
1100	0.2058344015	21467035.66
1101	0.2053969934	21449669.74
1102	0.2054421011	21446438.93
1103	0.2052304113	21431995.9
1104	0.2052671331	21428653.86
1105	0.2052192811	21417832.68
1106	0.2047874716	21398773.65
1107	0.2048401174	21395518.79
1108	0.204766255	21384484.35
1109	0.2047973087	21381170.25
1110	0.2046885936	21372714.94
1111	0.2045857062	21363335.35
1112	0.20431452	21348472.87
1113	0.2042664036	21338116.99
1114	0.2043140513	21334954.76
1115	0.2039729138	21321966.05
1116	0.2039951971	21318223.03
1117	0.2039923118	21309707.31
1118	0.2040406071	21306576.04
1119	0.2040738842	21302650.81
1120	0.2039622253	21290204.99
1121	0.2039124438	21283892.97
1122	0.2038282847	21272261.66
1123	0.2037083182	21259570.74
1124	0.2032349338	21241513.19
1125	0.2032765904	21238006.47
1126	0.2032464113	21229122.53
1127	0.2028473583	21214399.06
1128	0.2028081019	21207076.19
1129	0.202851083	21204018.21
1130	0.2029032573	21200913.41
1131	0.2028946927	21192455.52
1132	0.2029404922	21189396.97
1133	0.2028289349	21175333.5
1134	0.2025399339	21157747.7
1135	0.2025284657	21150450.46
1136	0.202070969	21138133.14
1137	0.2016564341	21122999.78
1138	0.2014065808	21109809.23
1139	0.2014577016	21106771.95
1140	0.2014566978	21100063.02
1141	0.2014263314	21090455.39
1142	0.2013990716	21080926.39
1143	0.2013367591	21071072.4
1144	0.2013193081	21062887.75
1145	0.2013066086	21054210.85
1146	0.2013525699	21051229.04
1147	0.2009827759	21034293.45
1148	0.2010271089	21031330.98
1149	0.2007223085	21019265.56
1150	0.2007670503	21016332.75
1151	0.2007535355	21008675.09
1152	0.2007882146	21004875.78
1153	0.2003440645	20986330.42
1154	0.2003366548	20978807.05
1155	0.2002921996	20970032.34
1156	0.2002543849	20961718.29
1157	0.1999815419	20949373.57
1158	0.1999477244	20941630.5
1159	0.199686548	20926553.82
1160	0.1996877704	20919584.94
1161	0.1996649839	20912577.44
1162	0.1993960067	20896271.4
1163	0.1990100304	20878919.46
1164	0.1990575435	20876047.72
1165	0.1989645949	20862774.55
1166	0.1988825662	20851981.67
1167	0.1988648679	20844343.92
1168	0.1988168398	20835517.35
1169	0.198579095	20821907.27
1170	0.1986227133	20819092.8
1171	0.1986591839	20815778.66
1172	0.1983336846	20799881.08
1173	0.1983040157	20789650.18
1174	0.1982024071	20781989.06
1175	0.198253032	20779193.8
1176	0.1978935002	20764887.04
1177	0.1979367367	20762102.31
1178	0.1979046206	20753645.98
1179	0.1979496789	20750860.91
1180	0.1979072957	20744173.75
1181	0.1979010489	20737293.54
1182	0.1978902786	20734417.97
1183	0.1978738843	20725884.8
1184	0.1978980764	20723097.11
1185	0.197899825	20716104.16
1186	0.1978103109	20705185.63
1187	0.1978510619	20702363.67
1188	0.1978235231	20694121.23
1189	0.1978668658	20691424.21
1190	0.197273846	20673341.96
1191	0.1973118302	20670659.29
1192	0.1970829675	20654393.11
1193	0.197114268	20651185.92
1194	0.1968638988	20639743.84
1195	0.1968073079	20631401.37
1196	0.1964122581	20617212.56
1197	0.1964098313	20609910.02
1198	0.1959526526	20596037.47
1199	0.1958887775	20584625.76
1200	0.1958867061	20577654.9
1201	0.1959295388	20574992.66
1202	0.1959018598	20567254.64
1203	0.1958748408	20559268.51
1204	0.1958455099	20551657.49
1205	0.1954922213	20535881.94
1206	0.1954255848	20525823.23
1207	0.1953876325	20515656.84
1208	0.1950898745	20498588.3
1209	0.1951309258	20496003.12
1210	0.1949598125	20482144.79
1211	0.1949998422	20479547.07
1212	0.1947437501	20462740.27
1213	0.1945225956	20450005.77
1214	0.1943766569	20437193.06
1215	0.1944168803	20434232.01
1216	0.1943484174	20424650.58
1217	0.1943329301	20417085.09
1218	0.1939241128	20402262.44
1219	0.1938793986	20394693.17
1220	0.1938635732	20387282.99
1221	0.1938915511	20384716.24
1222	0.1939319893	20382190.91
1223	0.1939353936	20376676.96
1224	0.193748205	20364206.51
1225	0.193778048	20361616.39
1226	0.1937963441	20358925.07
1227	0.1937206565	20347344.47
1228	0.1936176688	20338301.72
1229	0.1935766279	20330077.54
1230	0.1935000514	20318589.15
1231	0.1934822794	20312395.99
1232	0.193299227	20299119.5
1233	0.192927321	20287369.68
1234	0.1927803003	20275892.16
1235	0.1927728099	20269496.01
1236	0.1928127115	20267037.82
1237	0.1928053442	20260667.82
1238	0.1927071777	20252862.14
1239	0.1927146065	20246674.18
1240	0.1923692659	20233759.57
1241	0.1919811109	20218067.77
1242	0.1920193766	20215635.64
1243	0.1917606019	20206880.38
1244	0.1913212538	20190036.46
1245	0.1912497076	20179895.88
1246	0.1911707653	20167962.06
1247	0.1911545191	20161567.62
1248	0.1911915821	20159151.39
1249	0.1911291128	20151391.52
1250	0.1911122535	20145925.07
1251	0.1911008575	20139066.52
1252	0.1910298371	20127204.04
1253	0.1906468143	20112948
1254	0.1903862436	20102790.06
1255	0.1900152699	20085823.14
1256	0.1899952347	20078299.71
1257	0.1899561627	20070854.23
1258	0.1898933617	20060306.16
1259	0.1899276632	20057777.77
1260	0.1899667237	20055443.09
1261	0.1899556073	20047973.58
1262	0.1896567138	20037063.89
1263	0.1896517656	20030154.15
1264	0.1893220325	20018450.85
1265	0.1893121325	20012054.59
1266	0.1893467355	20009741.19
1267	0.1888939647	19990260.66
1268	0.1888578653	19982879.15
1269	0.1886965856	19971549.07
1270	0.1886694414	19964460.71
1271	0.1885391205	19951701.14
1272	0.1881564476	19936747.12
1273	0.1881960766	19934471.51
1274	0.1881432801	19928556.29
1275	0.1881807789	19926293.54
1276	0.1882129903	19923938.5
1277	0.1882391043	19921277.01
1278	0.1881814469	19912607.07
1279	0.1877678769	19898419.41
1280	0.1877908299	19895751.41
1281	0.1878265856	19893509.68
1282	0.1877629299	19884623.32
1283	0.187757005	19876777.91
1284	0.1876978404	19868030.44
1285	0.187737195	19865809.82
1286	0.1877403457	19858960.78
1287	0.1875781243	19846902.29
1288	0.1876157676	19844695.05
1289	0.1876561719	19842492.19
1290	0.1873307609	19831722.82
1291	0.1873732432	19829534.31
1292	0.1873722575	19823939.97
1293	0.187046346	19808164.8
1294	0.1870732538	19805975.51
1295	0.1870638864	19799701.49
1296	0.1870991841	19797372.61
1297	0.1867282165	19781204.48
1298	0.1867119765	19774045.84
1299	0.1864410008	19756758.18
1300	0.1864695144	19754482.4
1301	0.1861061859	19744713.67
1302	0.1857835327	19730821.56
1303	0.1858155214	19728653.62
1304	0.1855303052	19716187.63
1305	0.1855619654	19713585.39
1306	0.1852993714	19702364.36
1307	0.184993417	19687448.73
1308	0.1846108342	19671005.52
1309	0.1846456165	19668902.02
1310	0.1846136101	19660948.97
1311	0.1846484815	19658853.18
1312	0.1846830604	19656753.92
1313	0.184282941	19641121.35
1314	0.1842740636	19634695.97
1315	0.1843118103	19632570.54
1316	0.1842408712	19622919.43
1317	0.1842614485	19620318.98
1318	0.184009038	19612032.26
1319	0.1840432049	19609893.03
1320	0.1840769662	19607840.71
1321	0.1841072139	19605792.71
1322	0.1841450656	19603734.15
1323	0.1841820368	19601680.03
1324	0.1838357727	19587439.77
1325	0.1838703208	19584883.9
1326	0.1838173342	19575349.28
1327	0.1838191449	19569932.21
1328	0.1836364522	19557950.38
1329	0.1835335463	19552359.79
1330	0.1835621748	19550307.17
1331	0.1833805912	19539072.01
1332	0.1832241218	19527207.99
1333	0.1832094369	19520570.33
1334	0.1832282436	19518553.95
1335	0.1832100069	19510706.05
1336	0.1831917009	19505019.23
1337	0.1832212476	19503041.36
1338	0.1829341084	19494203.31
1339	0.1827062328	19480199.37
1340	0.1826927658	19472757.32
1341	0.1823399722	19459723.03
1342	0.1820754282	19448123.67
1343	0.1820574923	19441540.09
1344	0.1820215843	19435032.16
1345	0.1819852067	19424684.18
1346	0.1819934578	19419513.94
1347	0.1820265414	19417580.49
1348	0.1820319271	19412037.98
1349	0.1820226916	19404683.78
1350	0.1820116399	19398644.5
1351	0.1816910517	19382449.32
1352	0.1814074601	19366061.89
1353	0.1814251969	19363479.12
1354	0.1810801639	19350074.45
1355	0.1810493696	19343378.54
1356	0.1806896672	19329364.25
1357	0.1806825293	19323690.62
1358	0.1804376345	19313592.7
1359	0.1804646875	19311680.32
1360	0.1804317098	19305968.23
1361	0.1803723359	19295469.57
1362	0.1802163159	19284106.3
1363	0.1800511531	19271140.2
1364	0.1800227543	19261813.52
1365	0.1796780025	19247018.77
1366	0.1796603284	19241101.05
1367	0.1796690728	19235885.79
1368	0.1796740596	19230810.74
1369	0.1794437887	19219273.62
1370	0.1794529782	19213160.05
1371	0.1794278632	19205122.84
1372	0.1794634048	19203277.09
1373	0.1794958373	19201443.4
1374	0.1794056042	19193251.8
1375	0.1791433433	19183679.63
1376	0.1791192081	19177342.04
1377	0.1791219287	19172497.77
1378	0.1791112228	19166575.16
1379	0.1788391585	19153288.79
1380	0.1788714759	19151444.79
1381	0.1788670973	19146319.87
1382	0.1788986785	19144523.1
1383	0.1786020085	19131829.12
1384	0.1783191247	19119356.2
1385	0.1782479855	19110235.33
1386	0.1780140715	19100904.8
1387	0.1777694808	19090870.39
1388	0.1777989285	19089078.96
1389	0.1775014863	19074666.52
1390	0.1775287763	19072607.52
1391	0.1773713909	19063091.44
1392	0.1771125745	19050702.1
1393	0.1771108537	19045604.47
1394	0.1768624431	19036379.17
1395	0.176893835	19034628.46
1396	0.1769247572	19032879.93
1397	0.1768984643	19023982.95
1398	0.1768880329	19018906.76
1399	0.1766303341	19004458.77
1400	0.1766345406	18999552.7
1401	0.1765969863	18994641.18
1402	0.1766290616	18992889.53
1403	0.1765436279	18982976.65
1404	0.1765743363	18981234.37
1405	0.1763688136	18968398.6
1406	0.1762957867	18958486.32
1407	0.1763238053	18956645.9
1408	0.1760055876	18943731.11
1409	0.176026986	18941776.67
1410	0.1760619663	18940054.98
1411	0.1760209674	18932633.33
1412	0.1757678874	18922641.81
1413	0.1756954883	18912787.55
1414	0.1756663297	18906712.87
1415	0.1756911998	18904269.15
1416	0.175416382	18895866.4
1417	0.1754163828	18891532.79
1418	0.1754462452	18889864.57
1419	0.1752480615	18878062.27
1420	0.1752108496	18868064.97
1421	0.1752124237	18862698.81
1422	0.174839439	18851136.43
1423	0.1747730825	18842730.61
1424	0.1746788831	18833079.63
1425	0.1746621269	18828294.19
1426	0.1743301462	18819298.84
1427	0.1740836506	18807929.8
1428	0.1740773464	18801866.46
1429	0.1741084658	18800234.43
1430	0.1741381921	18798608.8
1431	0.1738903648	18790065.28
1432	0.1739181383	18788374.2
1433	0.1738769064	18778642
1434	0.1739048521	18776751.52
1435	0.1736780206	18769155.41
1436	0.1736737894	18763069.65
1437	0.1736987836	18761395.1
1438	0.1736806553	18755545.72
1439	0.1733826541	18746178.57
1440	0.1733554194	18740568.8
1441	0.1733447656	18734076.73
1442	0.1731519252	18726484.3
1443	0.1727734279	18713641.24
1444	0.1726781532	18703564.61
1445	0.1726190658	18694667.62
1446	0.1722514214	18681562.23
1447	0.17222974	18675978.84
1448	0.1722113132	18670318.14
1449	0.1721034588	18659762.07
1450	0.1720854331	18654301.38
1451	0.1719842475	18644068.11
1452	0.1719870511	18639896.89
1453	0.1718602897	18629385.62
1454	0.1718263132	18622824.21
1455	0.1717501872	18614044.41
1456	0.1717798128	18612481.31
1457	0.1717648755	18607457.14
1458	0.1717736674	18602570.19
1459	0.1716813352	18593707.15
1460	0.1716066822	18585639.16
1461	0.1713657216	18575992.43
1462	0.1712518707	18567169.78
1463	0.1712135403	18558745.02
1464	0.1711923913	18552409.52
1465	0.1712035402	18547408.43
1466	0.1710358724	18537083.2
1467	0.1710295936	18532475.1
1468	0.1710610629	18530971.11
1469	0.1710619743	18525391.82
1470	0.1710900241	18523864.33
1471	0.1709882114	18515729.44
1472	0.1709805894	18509641.16
1473	0.1710149584	18508143.15
1474	0.1710075741	18503939.61
1475	0.1709550964	18498340.85
1476	0.170981635	18496755.85
1477	0.1706577898	18486020.34
1478	0.1704038263	18475409.82
1479	0.170251528	18465763.85
1480	0.1700160775	18452668.49
1481	0.1700099643	18448252.64
1482	0.1699393928	18437393.58
1483	0.1699756041	18435894.5
1484	0.1700063635	18434439.11
1485	0.1699223667	18424877.68
1486	0.1699503243	18423433.61
1487	0.169903541	18412860.51
1488	0.1695419544	18399356.5
1489	0.1695717057	18397908.03
1490	0.1695530339	18391850.94
1491	0.1692989615	18379567.63
1492	0.1693295061	18378129.12
1493	0.1690906485	18367827.38
1494	0.1690865606	18361943.82
1495	0.1689967732	18357492.55
1496	0.1689575179	18348383.18
1497	0.168900577	18341215.19
1498	0.1688795773	18336744.65
1499	0.1689078279	18335318.25
1500	0.1685870582	18325789.02
1501	0.1683437348	18316441.71
1502	0.1683657942	18314940.2
1503	0.1683596784	18310494.39
1504	0.1681522661	18296719.95
1505	0.168165755	18294908.94
1506	0.1681568265	18289019.24
1507	0.1681582907	18285830.13
1508	0.1681557716	18281460.35
1509	0.1681766925	18280027.28
1510	0.1679373895	18267693.2
1511	0.1677309299	18256355.78
1512	0.1677649216	18254955.5
1513	0.1677803421	18253275.94
1514	0.1677758049	18247574.43
1515	0.1678017231	18246222.35
1516	0.1677594929	18237122.03
1517	0.167493937	18224636.57
1518	0.1674948449	18219910.82
1519	0.1673104128	18210554.8
1520	0.1673314097	18209127.07
1521	0.1673044706	18201268.85
1522	0.1673308491	18199684.51
1523	0.1673144228	18193752.85
1524	0.1673001237	18189906.48
1525	0.167324633	18188575.81
1526	0.1673037419	18181681.19
1527	0.1673310683	18180312.8
1528	0.1671049792	18169493.78
1529	0.1670468282	18162079.94
1530	0.1670715196	18160768.57
1531	0.1670435338	18152729.27
1532	0.1670627883	18151125.45
1533	0.1669304106	18140339.45
1534	0.1668469761	18131903.9
1535	0.1667778261	18123402.56
1536	0.1665944074	18114065.26
1537	0.1666230219	18112770.75
1538	0.1666543868	18111433.3
1539	0.166629581	18106109.46
1540	0.1666278071	18100939.63
1541	0.1665269661	18090331.64
1542	0.1665501194	18089047.08
1543	0.1665247042	18082564.63
1544	0.1664905354	18075234.88
1545	0.1664872327	18071315.68
1546	0.1665121051	18070052.15
1547	0.1665354107	18068762.75
1548	0.166232815	18057844.05
1549	0.1662171181	18053497.62
1550	0.1660293728	18044949.6
1551	0.166032066	18040674.61
1552	0.1660364948	18036941.01
1553	0.1659749395	18028953.01
1554	0.1658661144	18018404.44
1555	0.1658288444	18013222.76
1556	0.165557772	18004620.08
1557	0.1655806563	18003385.91
1558	0.1654650356	17991004.51
1559	0.1652197357	17983839.3
1560	0.1650022429	17973333.4
1561	0.1648921218	17960091.1
1562	0.1649174895	17958868.91
1563	0.16454786	17945298.51
1564	0.164574285	17944073.89
1565	0.1642504946	17931768.48
1566	0.1642437473	17927767.36
1567	0.1642676375	17926558.74
1568	0.1642914716	17925353.12
1569	0.1643148443	17924076.67
1570	0.1639868188	17913323.38
1571	0.1639788313	17909446.36
1572	0.1639657207	17906037.9
1573	0.1639401504	17898635.71
1574	0.1636485397	17885226.54
1575	0.1633872272	17871921.87
1576	0.1633834863	17867663.21
1577	0.1633874009	17864124.92
1578	0.1634116345	17862941.89
1579	0.1633800728	17857158.51
1580	0.163096277	17846181.67
1581	0.1628622522	17840890.41
1582	0.1628242408	17832580.59
1583	0.1628072146	17825643.87
1584	0.1627978623	17821307.92
1585	0.1627034871	17811534.55
1586	0.1627263531	17810224.43
1587	0.1624995168	17796580.43
1588	0.1624525264	17790503.66
1589	0.1624764397	17789349.45
1590	0.1622231249	17779316.98
1591	0.1622477657	17778167.72
1592	0.1622482419	17774747.8
1593	0.1622364055	17771169.67
1594	0.1619717866	17758603.99
1595	0.161995278	17757464.24
1596	0.1620109915	17756105.11
1597	0.1620320964	17754970.27
1598	0.1618924882	17744069.92
1599	0.161765939	17738024.03
1600	0.1615347036	17726277.01
1601	0.1614523857	17718370.83
1602	0.1614434579	17712568.41
1603	0.161438582	17707192.37
1604	0.1611869723	17695057.12
1605	0.1611001879	17684523.12
1606	0.1611216244	17683386.04
1607	0.1608617067	17672940.83
1608	0.1606169396	17662806.26
1609	0.1606391615	17661697.3
1610	0.1603188133	17652973.7
1611	0.1602829096	17646147.21
1612	0.1602393778	17637802.29
1613	0.1601837769	17634172.46
1614	0.160068311	17623741.55
1615	0.1600934449	17622648.53
1616	0.1597978612	17611740.79
1617	0.1595867822	17597938.73
1618	0.1593806139	17588156.18
1619	0.1592407605	17581304.79
1620	0.1590096675	17569085.03
1621	0.1588734451	17560689.09
1622	0.158835553	17551665.3
1623	0.1588538134	17550485.55
1624	0.1588750002	17549407.9
1625	0.1588822535	17546189.79
1626	0.1585929365	17531300.45
1627	0.1586156421	17530233.03
1628	0.1585819281	17525098.63
1629	0.1583728132	17514228.62
1630	0.1581671401	17504979.29
1631	0.1578721576	17494751.99
1632	0.1576688143	17484681.98
1633	0.157544146	17474238.48
1634	0.1575621086	17472977.7
1635	0.1574636812	17465306.84
1636	0.1574859549	17463953.62
1637	0.1574517537	17458587.73
1638	0.1573847232	17450103.44
1639	0.157186829	17441351.96
1640	0.1572118514	17440311.53
1641	0.1570665396	17429332.54
1642	0.1569625125	17419640.94
1643	0.1568938334	17413242.7
1644	0.1566781825	17402727.34
1645	0.1565209216	17392486.23
1646	0.1563481433	17386001.58
1647	0.1563249422	17380805.01
1648	0.1563492459	17379768.64
1649	0.1562260868	17370479.67
1650	0.1562475822	17369463.67
1651	0.1560019396	17358685.41
1652	0.1559293471	17354877.23
1653	0.1559484894	17353856.13
1654	0.1559366488	17348938.5
1655	0.1558592922	17339134.71
1656	0.1558533411	17335824.9
1657	0.1557907656	17326442.77
1658	0.1557581259	17319435.6
1659	0.1556974984	17313262.36
1660	0.1556347404	17307372.82
1661	0.1556559034	17306378.44
1662	0.1555002056	17295968.44
1663	0.1555208129	17294974.74
1664	0.1555142475	17290191.03
1665	0.1555130902	17287381.07
1666	0.1555328793	17286360.43
1667	0.1555333714	17282638.19
1668	0.1553210644	17269458.43
1669	0.1552884905	17262737.93
1670	0.1552843621	17260155.45
1671	0.1553064652	17259185.14
1672	0.1553250469	17258182.31
1673	0.1553108982	17253964.81
1674	0.1553308066	17252801.81
1675	0.15535167	17251842.19
1676	0.1553353652	17246337.01
1677	0.1552028264	17239580.61
1678	0.155165277	17234915.85
1679	0.1550911332	17225793.98
1680	0.15494107	17216559.58
1681	0.1549626664	17215609.29
1682	0.1547862202	17211146.99
1683	0.1548055173	17210171.22
1684	0.1547896553	17206333.01
1685	0.1548006496	17203511.96
1686	0.154782454	17196853.19
1687	0.1548025792	17195915.95
1688	0.1548240104	17194982.23
1689	0.154747632	17188556.8
1690	0.1545798315	17178148.59
1691	0.1544492887	17168044.74
1692	0.1544358252	17162412.26
1693	0.1544189583	17159866.79
1694	0.1543119889	17149320.58
1695	0.1542238679	17141718.59
1696	0.1542066499	17136306.2
1697	0.1541760975	17128209.59
1698	0.1540904624	17117205.73
1699	0.1540827561	17113540.59
1700	0.1539060832	17108411.13
1701	0.1537633049	17099404.41
1702	0.1537656843	17096224.64
1703	0.1537866194	17095285.71
1704	0.1537597628	17089998.81
1705	0.1537674444	17087508.98
1706	0.1536652884	17079974.57
1707	0.1536851052	17079051.27
1708	0.1537053755	17078155.64
1709	0.1535139224	17069541.67
1710	0.1535120264	17066834.3
1711	0.1533229968	17057056.79
1712	0.153261937	17051857.76
1713	0.1532825433	17050971.87
1714	0.1533002015	17050056.88
1715	0.1532737608	17045852.9
1716	0.1531867501	17041350.71
1717	0.1531963628	17037802.26
1718	0.1532012429	17035009.35
1719	0.1531662459	17026129.37
1720	0.1530862367	17017363.74
1721	0.1530471856	17011435.4
1722	0.1530377028	17007796.21
1723	0.1528537119	16998488.68
1724	0.152872823	16997343.91
1725	0.1528773037	16992928.63
1726	0.1526646058	16988959.94
1727	0.1526818178	16988101.9
1728	0.1526044004	16982442.37
1729	0.1526240582	16981585.83
1730	0.1526473862	16980684.15
1731	0.1526149654	16974035.07
1732	0.1526204306	16970958.87
1733	0.1524770805	16964370.71
1734	0.1524644516	16957866.43
1735	0.1524592871	16954666.1
1736	0.1524487362	16949937.29
1737	0.1522214523	16942796.99
1738	0.1521993373	16939666.05
1739	0.1520538666	16935180.73
1740	0.152019624	16929353.29
1741	0.1520375473	16928523.05
1742	0.1520578591	16927690.44
1743	0.1519476784	16919037.63
1744	0.1519258336	16914158.47
1745	0.1518790463	16911472.3
1746	0.1518811703	16906470.24
1747	0.1517710206	16899832.03
1748	0.1517670466	16896128.9
1749	0.1517853186	16895314.5
1750	0.1516997682	16886813.85
1751	0.1516974158	16884053.99
1752	0.1515388862	16875509.55
1753	0.1515334949	16871378.56
1754	0.1514390013	16862406.7
1755	0.1514490118	16860091.93
1756	0.1512909724	16854493.62
1757	0.1512638457	16849891.08
1758	0.1512412285	16843349.11
1759	0.1510756574	16839236.18
1760	0.1510805374	16835800.1
1761	0.1510762128	16831404.08
1762	0.1509294024	16819669.84
1763	0.1509450258	16818664.19
1764	0.1509646196	16817785.72
1765	0.1508077553	16808594.17
1766	0.1507439376	16801747.58
1767	0.1506738952	16794309.49
1768	0.1504252005	16785342.11
1769	0.1504328998	16782449.19
1770	0.1504515658	16781668.75
1771	0.1503269461	16777729
1772	0.1502907344	16769325.35
1773	0.1502663709	16763168.35
1774	0.1502481058	16758489.27
1775	0.1500585878	16754662.03
1776	0.150011316	16751914.12
1777	0.1499793853	16745692.47
1778	0.1498185082	16736280.93
1779	0.1498132964	16733524.23
1780	0.1498324489	16732733.22
1781	0.1497664301	16723750.65
1782	0.149751779	16719814.77
1783	0.1497541656	16717287.17
1784	0.1495364885	16707497.21
1785	0.1495558987	16706742.94
1786	0.1495164307	16698981.04
1787	0.1495082216	16696878.68
1788	0.1495244324	16696107.68
1789	0.14944827	16687743.89
1790	0.1494539595	16684515.85
1791	0.1494666045	16683562.79
1792	0.1492371447	16673582.75
1793	0.1491283969	16667787.63
1794	0.1491071677	16664210.7
1795	0.1489644351	16653747.63
1796	0.1489232842	16644527.86
1797	0.1488662601	16638144.15
1798	0.1488132818	16633789.02
1799	0.148831216	16633056.58
1800	0.1488305568	16630500.02
1801	0.1488464669	16629768.11
1802	0.1488194734	16627561.51
1803	0.1487410751	16618729.4
1804	0.1486642741	16607728.83
1805	0.148654954	16603503.46
1806	0.1485607373	16599030.58
1807	0.1483248601	16587465.16
1808	0.1483422796	16586695.48
1809	0.1483428365	16584103.33
1810	0.1481378744	16574462.29
1811	0.1481237689	16569930.79
1812	0.1479974111	16563900.75
1813	0.1479868468	16561576.23
1814	0.1478938368	16555629.73
1815	0.1476688561	16546046.27
1816	0.1476841641	16545341.87
1817	0.1476844091	16542881.96
1818	0.1476996213	16542155.97
1819	0.1476483445	16534530.57
1820	0.1473922943	16524123.71
1821	0.1473239315	16513061.5
1822	0.147313506	16510241.51
1823	0.1471960038	16501674.48
1824	0.1469705837	16492739.13
1825	0.1469862799	16492043.11
1826	0.1469707774	16485455.1
1827	0.1468223396	16476185.31
1828	0.146810403	16472928.86
1829	0.1466634458	16468344.02
1830	0.1466511171	16465692.29
1831	0.1464751556	16461754.37
1832	0.1464912485	16461072.33
1833	0.1463231682	16452012.76
1834	0.1463322369	16450296.56
1835	0.1462453339	16442862.95
1836	0.1462484865	16440498.36
1837	0.1462283544	16435539.67
1838	0.1462419771	16434705.43
1839	0.1462556193	16433785.35
1840	0.1462595543	16431629.82
1841	0.1462558054	16429210.79
1842	0.1462267843	16425284.46
1843	0.1462399434	16424610.65
1844	0.1460033494	16415450.41
1845	0.1460060866	16413922.37
1846	0.1460052277	16412065.21
1847	0.1458065517	16399372.86
1848	0.1457949435	16396562.86
1849	0.1457914195	16392017.1
1850	0.145758415	16387112.98
1851	0.1457578515	16385201.04
1852	0.1457747563	16384515.79
1853	0.1457907684	16383866.17
1854	0.1456592649	16377394.04
1855	0.145524614	16373569.05
1856	0.1454845594	16365492
1857	0.1454997345	16364847.96
1858	0.145323152	16354125.17
1859	0.1452544768	16344995.38
1860	0.1452586928	16343165.69
1861	0.145150206	16331804.32
1862	0.1451652993	16331166.98
1863	0.1449211485	16318817.01
1864	0.1449260059	16316641.59
1865	0.1447978516	16307774.77
1866	0.1447723292	16300125.93
1867	0.1447018655	16292910.23
1868	0.1446846881	16287974.75
1869	0.1445350184	16279739.77
1870	0.1445345882	16277729.05
1871	0.1445502521	16277052.46
1872	0.1445432355	16275204.12
1873	0.1445577976	16274583.89
1874	0.1445619409	16270402.06
1875	0.1445556141	16267833.83
1876	0.1443862678	16259847.31
1877	0.1443319966	16252620.87
1878	0.144334797	16250148.17
1879	0.144350087	16249534.45
1880	0.1443524545	16245954.52
1881	0.1443529258	16243903.57
1882	0.1440934946	16233212.02
1883	0.14388953	16225623.83
1884	0.1439039092	16225018.61
1885	0.1439190483	16224413.05
1886	0.143931735	16223546.93
1887	0.1437115235	16212824.75
1888	0.1437085901	16210697.16
1889	0.1434970551	16200242.58
1890	0.1434574259	16196006.06
1891	0.1433786786	16191575.61
1892	0.1433252069	16184158.16
1893	0.1433187029	16180017.17
1894	0.1433327886	16179402.97
1895	0.1433294221	16176042.54
1896	0.143333799	16173824.61
1897	0.1432633039	16166145.27
1898	0.1432334975	16156095.88
1899	0.1432301745	16153617.69
1900	0.1432280581	16151247.04
1901	0.1432362885	16148099.51
1902	0.1432051015	16142775.88
1903	0.1431694984	16132926.72
1904	0.1431697394	16130083.99
1905	0.1431838542	16129505.88
1906	0.1431548938	16121303.28
1907	0.142990413	16114153.2
1908	0.1429704526	16112109.46
1909	0.1429810837	16111350.75
1910	0.1429182049	16103060.76
1911	0.1429214579	16099111.87
1912	0.1429226235	16095144.53
1913	0.1429032643	16089043.67
1914	0.1427192879	16081208.09
1915	0.1427057907	16074693.05
1916	0.1424789183	16065209.44
1917	0.1424502804	16059435.38
1918	0.1424617404	16058851.21
1919	0.1424625942	16057308.11
1920	0.1422864207	16048797.48
1921	0.142268289	16044416.75
1922	0.1422657086	16041688.63
1923	0.1422673908	16040156.85
1924	0.1422648915	16037023.69
1925	0.1420494115	16024039.36
1926	0.1420297372	16015404.12
1927	0.1418010117	16006393.87
1928	0.1417887478	16003881.09
1929	0.1416390751	15996514.6
1930	0.1416315982	15992087.49
1931	0.1414507766	15984077.59
1932	0.1413643733	15981219.23
1933	0.1413006318	15972304.86
1934	0.1412079647	15965070.75
1935	0.1411588221	15955147.45
1936	0.1411734577	15954605.54
1937	0.1411700876	15952340.91
1938	0.1410414164	15941867.38
1939	0.1410543201	15939421.3
1940	0.1410527653	15937276.78
1941	0.1410670244	15936740.53
1942	0.1409170021	15929170.91
1943	0.1409272449	15928353.98
1944	0.1409041705	15922384.93
1945	0.1407958651	15912607.25
1946	0.1407963701	15910709.29
1947	0.1407966376	15908772.46
1948	0.1408006224	15906809.92
1949	0.1408017434	15904926.57
1950	0.1406601427	15902720.39
1951	0.1406376696	15897810.03
1952	0.1406091266	15892417.03
1953	0.1406005934	15890379.97
1954	0.1405611943	15884967.78
1955	0.1405741989	15884449.77
1956	0.1405436245	15878672.83
1957	0.1403614157	15874663.98
1958	0.140162016	15863624.93
1959	0.1400209817	15854656.66
1960	0.1400254719	15851989.39
1961	0.1398690045	15845576.03
1962	0.1398175504	15835856.81
1963	0.1398137736	15833330.5
1964	0.1396599262	15824587.91
1965	0.1396409794	15821906.14
1966	0.1396498514	15821098.65
1967	0.1396017489	15810793.02
1968	0.139613051	15810253.59
1969	0.1396163495	15808415.13
1970	0.1395620214	15806188.26
1971	0.1393850554	15798282.43
1972	0.1393758888	15794470.76
1973	0.1391708261	15784889.11
1974	0.1390497805	15777049.15
1975	0.1390314821	15775201.26
1976	0.139028116	15773246.38
1977	0.1389941995	15768639.9
1978	0.1390008049	15765269.37
1979	0.1389968935	15761475.17
1980	0.1389665601	15754570.92
1981	0.1389776072	15753973.84
1982	0.1389292834	15745948.78
1983	0.1388626557	15736687.92
1984	0.1388624237	15734571.85
1985	0.1388710661	15733887.79
1986	0.1387539008	15731896.28
1987	0.1387480105	15730099.01
1988	0.1387598108	15729598.51
1989	0.1387420638	15727691.37
1990	0.1387326073	15725132.12
1991	0.1387419422	15722439.14
1992	0.1387446532	15721237.11
1993	0.1387400783	15717920.46
1994	0.1387546192	15717393.56
1995	0.1387547645	15715309
1996	0.1385547748	15708234.47
1997	0.1385665218	15707762.86
1998	0.1385647508	15703069.11
1999	0.1385682291	15701353.62
2000	0.1385770302	15700656.38
2001	0.1384233925	15692526.51
2002	0.1382509197	15681369.07
2003	0.1382487126	15679255.44
2004	0.1382577382	15678639.22
2005	0.1380999422	15670191.35
2006	0.1380380207	15667454.43
2007	0.1380288113	15665402.81
2008	0.1380095125	15660409.13
2009	0.1378574075	15653823.8
2010	0.1378209571	15645683.01
2011	0.1376407238	15636262.95
2012	0.1374967829	15630612.26
2013	0.1375003994	15628861.64
2014	0.1374719362	15624765.62
2015	0.1374628551	15618742.33
2016	0.1373477524	15609450.93
2017	0.1373601502	15608998.33
2018	0.1373705633	15608257.85
2019	0.1373422973	15601093.57
2020	0.1371522181	15595419
2021	0.1371633702	15594941.89
2022	0.1371582255	15593334.4
2023	0.1369725489	15583906.03
2024	0.1369427182	15578419.08
2025	0.1369269747	15574762.43
2026	0.1369325571	15573193.92
2027	0.1368365376	15566091.22
2028	0.1368187923	15562819.45
2029	0.1368096819	15561301.34
2030	0.1368047472	15557406.93
2031	0.1368160284	15556785.53
2032	0.136815854	15554881.97
2033	0.1368208166	15553830.6
2034	0.13681855	15552118.81
2035	0.1368106114	15550429.9
2036	0.1368211779	15549980.15
2037	0.1368176164	15547557
2038	0.1368042798	15543207.97
2039	0.1368071601	15541577.24
2040	0.1366338304	15533831.11
2041	0.1366082365	15532282.12
2042	0.1365977365	15527348.16
2043	0.136533209	15524975.02
2044	0.1365435689	15524533.35
2045	0.1365351628	15520757.65
2046	0.1365383809	15517672.35
2047	0.1365187056	15511825.69
2048	0.136526193	15511211.12
2049	0.13653703	15510659.69
2050	0.1363576376	15502363.36
2051	0.1363545347	15500344.9
2052	0.1363525434	15498668.16
2053	0.1363279434	15497210.19
2054	0.1362929417	15491689.21
2055	0.1362835535	15489461.83
2056	0.1362792189	15487607.55
2057	0.1362386906	15478856.27
2058	0.1362493264	15478445.52
2059	0.1360697202	15469375.72
2060	0.1360816068	15468921.28
2061	0.1360883651	15466898.91
2062	0.135939377	15461175.39
2063	0.135847373	15452397.59
2064	0.1356980528	15446404.83
2065	0.1357083185	15445869.75
2066	0.1355536329	15439402.28
2067	0.1354972889	15437121.56
2068	0.1355032411	15436526.98
2069	0.1355129966	15436045.57
2070	0.1353964119	15434360.47
2071	0.1353934518	15432485.19
2072	0.1353607885	15427806.84
2073	0.1353352534	15421747.22
2074	0.1353324858	15419930.02
2075	0.1353309778	15418479.68
2076	0.1353293116	15417067.94
2077	0.1353325646	15415304.08
2078	0.1353328642	15414350.5
2079	0.1353344568	15412636.82
2080	0.135321307	15409047.16
2081	0.1351929992	15404606.3
2082	0.1350100918	15396913.75
2083	0.1350099971	15395514.08
2084	0.1349773467	15386295.9
2085	0.1348382686	15377750.96
2086	0.1348415605	15376206.87
2087	0.1348499044	15375801.46
2088	0.134837613	15373411.47
2089	0.1348132559	15368808.88
2090	0.1348102701	15367332.98
2091	0.1348030664	15364219.43
2092	0.1348129848	15363781.46
2093	0.1348100224	15362399.33
2094	0.1348033389	15361045.39
2095	0.1348012878	15359332.95
2096	0.134639532	15349341.97
2097	0.1344609643	15340754.31
2098	0.1343360596	15338451.12
2099	0.1341945162	15329243.29
2100	0.1341982733	15327767.72
2101	0.1342091298	15327367.42
2102	0.1342034884	15324391.96
2103	0.1341861683	15320421.05
2104	0.1341840708	15318194.4
2105	0.1341893741	15317512.74
2106	0.1340445333	15309928.98
2107	0.1339104129	15302257.4
2108	0.1339200563	15301400.76
2109	0.1339090129	15299030.35
2110	0.133918077	15298620.71
2111	0.1339168246	15296985.68
2112	0.1339255465	15296606.57
2113	0.1339249244	15294819.12
2114	0.1337616974	15285940.7
2115	0.133769315	15285503.09
2116	0.1336341984	15279780.69
2117	0.1336313127	15278285.85
2118	0.1336397066	15277911.77
2119	0.1336471934	15277501.79
2120	0.1336344962	15273627.35
2121	0.1336289104	15272544.59
2122	0.1336203047	15270538.86
2123	0.13361256	15268776.52
2124	0.1336160216	15268009.82
2125	0.1335312042	15260121.72
2126	0.1333645277	15254220.82
2127	0.1333747073	15253842.54
2128	0.1333817306	15253313.92
2129	0.1333874	15252231.49
2130	0.1333869733	15251403.09
2131	0.1333616124	15249565.5
2132	0.133211215	15242274.63
2133	0.1330649114	15239269.3
2134	0.1330768604	15238880.24
2135	0.133073401	15237181.78
2136	0.1330725127	15235393.64
2137	0.1330711668	15234208.28
2138	0.1330689757	15232939.8
2139	0.1330614309	15227989.22
2140	0.1330391191	15226559.56
2141	0.1330466539	15226204.94
2142	0.1330234411	15222297.89
2143	0.1330318604	15221960.56
2144	0.1330187205	15219673.32
2145	0.1328829462	15212289.35
2146	0.1328740376	15209082.06
2147	0.1327589008	15207077.67
2148	0.1327553903	15205941.39
2149	0.1327625863	15205413.18
2150	0.1327590587	15204000.28
2151	0.1327672263	15203642.17
2152	0.1327489886	15195777.87
2153	0.1326126033	15189259.18
2154	0.1325180978	15183873.66
2155	0.1325257775	15183530.5
2156	0.1325237779	15181764.55
2157	0.1323790168	15173927.3
2158	0.1323811424	15172987.08
2159	0.1323874188	15172274.57
2160	0.132388982	15171384.13
2161	0.132383353	15169842.21
2162	0.1323524994	15161412.91
2163	0.1321878465	15152182.29
2164	0.1321807823	15150097.11
2165	0.1321824902	15149216.83
2166	0.1320483596	15142308.05
2167	0.1320413797	15140346.82
2168	0.1320488534	15140013.65
2169	0.1319099466	15135370.53
2170	0.1319170126	15135038.34
2171	0.1319033734	15130538.49
2172	0.1319098231	15130116.03
2173	0.1318985401	15125169.14
2174	0.1318952253	15123631.77
2175	0.131894308	15122553.15
2176	0.1319012704	15122225.61
2177	0.1318162589	15114596.42
2178	0.1317597127	15106168.21
2179	0.1317593924	15104769.71
2180	0.1317650005	15104359.11
2181	0.1317690426	15103074.25
2182	0.1317380261	15098282.12
2183	0.1315952735	15091523.46
2184	0.1315732019	15089550.77
2185	0.1315616875	15085432.12
2186	0.1315548607	15083598.93
2187	0.1315617024	15083279.27
2188	0.1315575425	15081960.96
2189	0.131564012	15081307.71
2190	0.1314188544	15073826.86
2191	0.1314122009	15072011.26
2192	0.1312483125	15063819.76
2193	0.1312501517	15062932.09
2194	0.1312519425	15061441.27
2195	0.131258661	15061127.43
2196	0.1311934212	15057832.94
2197	0.1311996004	15057520.37
2198	0.1311679712	15052455.78
2199	0.1311389636	15049102.5
2200	0.1311379381	15047833.85
2201	0.1311372604	15046499.25
2202	0.1311439986	15046161.48
2203	0.1311183059	15039900
2204	0.1311121244	15037961.8
2205	0.1311200593	15037548.99
2206	0.1310074656	15031121.45
2207	0.1308626728	15023361.33
2208	0.1308296354	15017540.93
2209	0.1308308457	15016197.23
2210	0.1308302593	15014962.79
2211	0.1308086249	15011156.21
2212	0.1308109088	15009955.67
2213	0.130663577	15002756.03
2214	0.13065806	15000853.02
2215	0.1306542653	14999399.39
2216	0.1306479668	14998470.77
2217	0.1306548482	14998069.87
2218	0.1306494409	14997148.98
2219	0.1305155324	14988019.69
2220	0.130514353	14986765.84
2221	0.1303546905	14978365.72
2222	0.1302828284	14973304.93
2223	0.1302834738	14971806.78
2224	0.1302644309	14970844.63
2225	0.1302638436	14970008.49
2226	0.1302597891	14968470.27
2227	0.1302601186	14967372.19
2228	0.1301979927	14961154.98
2229	0.1301967649	14959701.04
2230	0.1301980928	14958513.47
2231	0.1301961361	14957456.96
2232	0.1300575084	14948668.08
2233	0.1300592133	14947539.05
2234	0.1299421741	14941140.28
2235	0.1298026365	14932440.57
2236	0.1296842162	14925936.14
2237	0.1296795119	14924441.72
2238	0.1295560284	14919228.35
2239	0.1295423443	14916628.98
2240	0.1295386904	14915674.83
2241	0.1295411892	14915149.49
2242	0.1294560431	14913760.57
2243	0.1294397413	14912721.23
2244	0.1293237793	14903891.89
2245	0.1292100531	14900624.28
2246	0.129090902	14897439.56
2247	0.129092371	14895322.13
2248	0.1290966396	14892758.53
2249	0.1289373143	14885735.5
2250	0.1289396231	14884614.88
2251	0.1289374312	14883300.3
2252	0.1289378263	14882155.9
2253	0.128937954	14880845.75
2254	0.12894283	14880349.17
2255	0.1288245981	14873971.23
2256	0.1288240101	14873336.1
2257	0.1288160012	14870919.61
2258	0.1287234703	14868228.29
2259	0.1287299727	14867932.18
2260	0.1287127687	14866295.71
2261	0.1287141853	14865178.05
2262	0.1287174927	14864116.47
2263	0.1286432892	14861473.4
2264	0.1285684112	14859170.17
2265	0.12854563	14854640.29
2266	0.1285451098	14853744.82
2267	0.1285482337	14852693.54
2268	0.1284403297	14850052.41
2269	0.1284336729	14847886.83
2270	0.1284333405	14846689.8
2271	0.1283395996	14844755.75
2272	0.1283342098	14843479.3
2273	0.1283203413	14840470.71
2274	0.1283206938	14839454.72
2275	0.1283256181	14839192.44
2276	0.1283203718	14837769.84
2277	0.1283173753	14834787.08
2278	0.1282377652	14831272.5
2279	0.128239456	14830141.66
2280	0.1282408204	14829106.23
2281	0.1282416804	14828341.26
2282	0.1282377301	14827591.7
2283	0.1282417216	14827042.59
2284	0.1282413046	14825870.49
2285	0.1282407594	14825123.36
2286	0.1281228999	14819283.08
2287	0.1281223954	14818431.1
2288	0.1281224725	14817447.56
2289	0.1280512304	14815243.51
2290	0.1280512398	14814264.33
2291	0.1280481926	14813492.96
2292	0.1280470479	14812913.76
2293	0.1280430989	14812186.5
2294	0.1280461549	14811539.76
2295	0.1280461978	14810369.93
2296	0.1280447754	14809100.93
2297	0.1280436075	14807791.06
2298	0.1279792824	14805578.46
2299	0.127978836	14804435.23
2300	0.1279295123	14801833.96
2301	0.1279290644	14800696.21
2302	0.127925118	14799986.53
2303	0.1279244832	14798853.14
2304	0.1279259579	14797815.51
2305	0.1278536749	14792945.13
2306	0.127744725	14788240.74
2307	0.1276962384	14786014.09
2308	0.1276910009	14785171.3
2309	0.1276881961	14784036.64
2310	0.1276856514	14782919.52
2311	0.1276872906	14781918.08
2312	0.1276868915	14780803.82
2313	0.1276776059	14779872.5
2314	0.1276765671	14778768.33
2315	0.1276702592	14777420.33
2316	0.127675249	14777160.76
2317	0.1276771819	14776167.85
2318	0.1276764472	14774942.77
2319	0.1276558907	14770827.09
2320	0.1276551618	14769519.16
2321	0.1276600845	14769285.87
2322	0.1276616484	14768305.19
2323	0.1276560061	14766977.6
2324	0.1275692408	14764711.33
2325	0.1275743703	14764457.44
2326	0.1275561987	14760956.93
2327	0.1275245984	14758698.3
2328	0.127523473	14757520.82
2329	0.1275285362	14757269.34
2330	0.1275281791	14756137.99
2331	0.127462091	14754055
2332	0.127342168	14750901.17
2333	0.1273242919	14747555.07
2334	0.1272605948	14745492.35
2335	0.1272561685	14744314.81
2336	0.1272567951	14743278.11
2337	0.1272611738	14743030.22
2338	0.127167228	14741294.77
2339	0.1271658019	14740101.71
2340	0.1271695363	14739855.52
2341	0.127170786	14738880.92
2342	0.1270678794	14732804.46
2343	0.1269460018	14725373.04
2344	0.1269467445	14724386.71
2345	0.1269420885	14721628.47
2346	0.1269178103	14719971.93
2347	0.1269192248	14719033
2348	0.1269205481	14718073.97
2349	0.1267922472	14709594.83
2350	0.1267974354	14709354.32
2351	0.1267523869	14706945.32
2352	0.1267508908	14705786.29
2353	0.1267520576	14705374.95
2354	0.1266326747	14699025.7
2355	0.1265416301	14695521.08
2356	0.1264238891	14686938.34
2357	0.1264233755	14685895.45
2358	0.1264221265	14684729.32
2359	0.1264230071	14683832.97
2360	0.1263501712	14682419.6
2361	0.1263495377	14681413.19
2362	0.1263483789	14680356.55
2363	0.1263500403	14679531.89
2364	0.1263497947	14678792.34
2365	0.1263327286	14675528.89
2366	0.1263379796	14675296.44
2367	0.1263391	14674369.98
2368	0.1263219976	14671000.48
2369	0.1263249276	14670293.42
2370	0.1263265638	14669479.41
2371	0.1263096664	14666252.87
2372	0.1263095556	14665218.1
2373	0.1263077838	14664083.37
2374	0.1263090929	14663191.46
2375	0.1262922905	14659984.68
2376	0.1262918531	14658955.66
2377	0.1262278448	14656700.21
2378	0.1261727471	14653492.8
2379	0.1261721864	14652836.93
2380	0.126092122	14651017.04
2381	0.1260917801	14650123.54
2382	0.126001152	14647168.36
2383	0.126000787	14646277.57
2384	0.1259971717	14645160.26
2385	0.1259933908	14644044.4
2386	0.1259970941	14643829.82
2387	0.125898026	14636899.7
2388	0.1258976272	14636080.32
2389	0.1258956794	14634973.07
2390	0.1258459931	14633069.03
2391	0.1258393801	14631815.28
2392	0.1258405917	14630951.11
2393	0.1257962223	14628285.98
2394	0.1256967485	14623233.43
2395	0.1256724772	14620848.49
2396	0.125656248	14617572.27
2397	0.1256574267	14616716.8
2398	0.1256584636	14615802.51
2399	0.1256626195	14615587.39
2400	0.1255487988	14608748.62
2401	0.1254613771	14605853.55
2402	0.1254607782	14604860.4
2403	0.1254645057	14604646.87
2404	0.1254552554	14602366.69
2405	0.1253944038	14598156.28
2406	0.1253769157	14594225.8
2407	0.1253301967	14592420.15
2408	0.1252941729	14590925.99
2409	0.1251843125	14584149.88
2410	0.1251621732	14581880.61
2411	0.1251616566	14581137.14
2412	0.1251643207	14580773.23
2413	0.1251678497	14580585.4
2414	0.1251672648	14579799.36
2415	0.1251658804	14579169.26
2416	0.1251640847	14578080.15
2417	0.1251634138	14577107.29
2418	0.1250587364	14570368.97
2419	0.1250583656	14569582.94
2420	0.1250615773	14569268.09
2421	0.1250595583	14568204.22
2422	0.1250438926	14564999.08
2423	0.1250283318	14561810.11
2424	0.1249757196	14559214.11
2425	0.1249750096	14558462.85
2426	0.12489287	14556889.79
2427	0.1247873188	14547042.99
2428	0.1247883136	14546224.63
2429	0.1247917082	14546021.77
2430	0.1247952243	14545820.9
2431	0.1247990569	14545620.53
2432	0.1247972859	14544571.64
2433	0.1247964752	14543616.66
2434	0.1247956797	14542665.11
2435	0.1247956683	14542019.85
2436	0.1247996413	14541821.86
2437	0.1246944481	14535150.37
2438	0.1246791808	14532003.52
2439	0.1246003509	14529254.89
2440	0.1245852541	14526127.24
2441	0.1245074977	14524596.72
2442	0.1244060828	14517987.84
2443	0.1244041441	14516950.24
2444	0.1244034299	14516161.9
2445	0.1244025251	14515221.96
2446	0.1244017928	14514472.42
2447	0.1244054332	14514279.08
2448	0.1244031786	14513250.12
2449	0.1244031165	14512851.83
2450	0.1243904383	14510889.55
2451	0.1243755624	14507796.31
2452	0.1243734594	14506740.1
2453	0.1242780258	14500701.59
2454	0.1242706906	14499575.94
2455	0.12426984	14498652.3
2456	0.1241974748	14495961.66
2457	0.12419433	14494946.74
2458	0.1241943762	14494327.37
2459	0.1241914766	14493312.06
2460	0.1241769009	14490248.58
2461	0.1241760227	14489333.5
2462	0.1240798999	14483335.22
2463	0.1240781323	14482332.41
2464	0.1240800577	14481683.75
2465	0.1240796491	14480987.42
2466	0.1239851628	14475029.03
2467	0.1239071307	14465367.12
2468	0.1239035313	14463400.59
2469	0.1237830748	14454928.36
2470	0.1236854506	14448038.16
2471	0.1236835233	14447048.02
2472	0.1236141946	14444408.85
2473	0.1235508643	14442975.58
2474	0.1235034248	14436638.13
2475	0.1234232776	14431297.04
2476	0.1233332234	14424842.57
2477	0.1233362094	14424648.67
2478	0.1233339704	14423666.61
2479	0.1233368308	14423485.75
2480	0.1233082656	14422099.24
2481	0.1233090729	14421342.68
2482	0.1232587051	14419352.18
2483	0.1232451361	14416354.99
2484	0.1232479792	14416176.26
2485	0.1232483649	14415591.02
2486	0.12319979	14413626.04
2487	0.1231162695	14405861.89
2488	0.1231162542	14405197.12
2489	0.1231014574	14403751.61
2490	0.1230575411	14400823.64
2491	0.1230579291	14400082.45
2492	0.1230606636	14399907.17
2493	0.1230596648	14399215.43
2494	0.1230583358	14398340.84
2495	0.1230450054	14395374.03
2496	0.1230425729	14394417.53
2497	0.122958078	14386363.39
2498	0.1229571212	14385678.71
2499	0.1229534323	14384988.99
2500	0.1229330622	14383019.76
2501	0.1229304123	14380527.61
2502	0.1229330495	14380356.47
2503	0.1229303343	14379412.39
2504	0.1229288966	14378551.06
2505	0.1229157648	14375614.55
2506	0.1229132194	14374671.57
2507	0.1228930597	14373050.71
2508	0.1228949813	14372881.8
2509	0.1228167489	14367124.3
2510	0.1227403611	14361401.06
2511	0.1227275648	14358488.85
2512	0.1227251237	14357537.41
2513	0.1226454998	14351209.13
2514	0.1226427314	14348756.32
2515	0.1226452075	14348590.09
2516	0.1226476745	14348424.27
2517	0.1226503277	14348258.93
2518	0.1226529707	14348094.01
2519	0.122576186	14341757.96
2520	0.1225737919	14340830.11
2521	0.122576191	14340666.23
2522	0.1225786168	14340502.81
2523	0.1225562415	14339009.62
2524	0.122553604	14338089.24
2525	0.1225410023	14335207.9
2526	0.1225284895	14332340.96
2527	0.1225073338	14330833.52
2528	0.1224949419	14327981.85
2529	0.1224923866	14327067.4
2530	0.1224226312	14321435.45
2531	0.1224038008	14319951.06
2532	0.1224018638	14319791.37
2533	0.1223307445	14312253.53
2534	0.1223328618	14312094.49
2535	0.1222554262	14304507.06
2536	0.1221802076	14300517.76
2537	0.1221804192	14299817.57
2538	0.1221774244	14298915.17
2539	0.1221745028	14298004.15
2540	0.1221682529	14294658.26
2541	0.1221652595	14293743.76
2542	0.1221672933	14293587.61
2543	0.1221320995	14291808.34
2544	0.1221268096	14291027.57
2545	0.12212725	14290395.69
2546	0.1221154182	14287588.91
2547	0.1221124254	14286700.48
2548	0.1221091532	14285813.76
2549	0.1221111353	14285660.24
2550	0.1221080246	14284776.9
2551	0.1221068049	14283714.04
2552	0.1221073114	14283114.47
2553	0.1221093239	14282951.05
2554	0.1220403457	14277035
2555	0.1220421803	14276883.46
2556	0.122030558	14274099.63
2557	0.1220324268	14273684.44
2558	0.1220328303	14273243.27
2559	0.1219796823	14270810.76
2560	0.1219814502	14270661.11
2561	0.1219784014	14269786.38
2562	0.1219152385	14263923.58
2563	0.1219039271	14261161.68
2564	0.1218430879	14254924.83
2565	0.121779734	14247912
2566	0.121776382	14247040.93
2567	0.1217653357	14244303.24
2568	0.1217622285	14243502.25
2569	0.1217638537	14243355.31
2570	0.1217654764	14243208.74
2571	0.1217115264	14237760.28
2572	0.1217125348	14237165.25
2573	0.1217099096	14236419.37
2574	0.1216481506	14230925.7
2575	0.1216443234	14230068.27
2576	0.1216407528	14229210.81
2577	0.1216421907	14229066.51
2578	0.1215820545	14223542.82
2579	0.1215576315	14221834.22
2580	0.12149993	14215048.16
2581	0.1214347692	14207655.8
2582	0.1214352213	14206271.18
2583	0.121430568	14205388.6
2584	0.1214127629	14203680.83
2585	0.1214137346	14203538.95
2586	0.1214088415	14202693.86
2587	0.1213635589	14197230.81
2588	0.1213477803	14194725
2589	0.1213426544	14193884.57
2590	0.1213400433	14193290.75
2591	0.1213349912	14192448.4
2592	0.1212919543	14190767.42
2593	0.1212925287	14190628.14
2594	0.1213025924	14188880.3
2595	0.1213027615	14188741.78
2596	0.1212928702	14186054.04
2597	0.1212916108	14182832
2598	0.1212575239	14177406.04
2599	0.1212570335	14174200.5
2600	0.1212570373	14174063.25
2601	0.1212304832	14168684.18
2602	0.1212095555	14163319.19
2603	0.1212025468	14162610.24
2604	0.121205072	14160961.32
2605	0.1211679167	14154932.51
2606	0.1211713356	14154407.83
2607	0.121170258	14154272.54
2608	0.1211623973	14153447.76
2609	0.121161545	14153313.36
2610	0.1211900252	14151603.54
2611	0.1211824126	14150779.54
2612	0.1211774832	14150082.37
2613	0.1211762519	14149949.02
2614	0.1211634061	14149139.15
2615	0.1211193776	14146255.39
2616	0.1211155124	14145441.5
2617	0.121118323	14142270.63
2618	0.1210982621	14140476.4
2619	0.1210919016	14139760.38
2620	0.1211034318	14138120.4
2621	0.1211380804	14136699.59
2622	0.1211350458	14135980.82
2623	0.1211723553	14134578.6
2624	0.1211590388	14133926.32
2625	0.1212000379	14132548.52
2626	0.121204964	14132041.94
2627	0.1211964421	14131238.52
2628	0.1211953005	14130627.89
2629	0.1212039	14130241.78
2630	0.1211919107	14125477.33
2631	0.1211802008	14124663.44
2632	0.1212478215	14123394.27
2633	0.1212342816	14122598.84
2634	0.1212336425	14121949.4
2635	0.1213231582	14119101.68
2636	0.1213065733	14118411.74
2637	0.1213872836	14112543.41
2638	0.1213699953	14111757.46
2639	0.121364434	14111072.83
2640	0.1213569098	14110947.96
2641	0.1213405731	14110166.47
2642	0.121176863	14104929.18
2643	0.1211608147	14104150.09
2644	0.1212117004	14102494.91
2645	0.1212960252	14100950.42
2646	0.1212854684	14100826.98
2647	0.1212948012	14100299.27
2648	0.1213911183	14094522.97
2649	0.121388546	14093942.32
2650	0.1213764925	14093820.1
2651	0.1213553141	14093134.38
2652	0.1213521183	14092548.66
2653	0.1213445688	14092427.37
2654	0.1213233142	14091658.24
2655	0.1213113271	14090924.54
2656	0.1214375978	14089588.53
2657	0.1214132786	14088825.4
2658	0.1213893311	14088063.85
2659	0.1213665602	14087305.01
2660	0.1213560355	14081621.4
2661	0.1213561134	14080959.03
2662	0.1213504699	14073334.92
2663	0.1213099541	14070545.68
2664	0.1212973939	14070427.46
2665	0.1212724805	14069769.83
2666	0.1212000217	14065099.31
2667	0.1211896725	14064981.84
2668	0.121074936	14063311.49
2669	0.121051833	14056417.94
2670	0.1210623271	14055946.58
2671	0.1212514278	14050742.41
2672	0.1211490455	14043429.27
2673	0.1213859761	14037680.03
2674	0.1213643086	14037564.06
2675	0.1216928175	14031533.8
2676	0.1220684196	14030059.46
2677	0.1224374823	14024991.87
2678	0.1223746996	14024876.89
2679	0.1232570859	14023400.69
2680	0.1252006973	14021550.23
2681	0.1246615597	14020811.5
2682	0.1243417076	14020697.37
2683	0.1241243031	14020083.24
2684	nan	14018828.61
2685	0.1290891033	14018203.94
2686	nan	14013569.54
2687	nan	14011739.7
2688	nan	14010122.47
2689	nan	14010010.38
2690	nan	14008196.81
2691	nan	14003075.57
2692	nan	14002436.05
2693	nan	13997854.32
2694	nan	13997743.57
2695	nan	13996286.45
2696	nan	13993033.69
2697	nan	13992923.52
2698	nan	13992204.93
2699	nan	13991076.73
2700	nan	13990967.58
2701	nan	13988749.77
2702	nan	13983088.37
2703	nan	13978367.66
2704	nan	13976267.04
2705	nan	13975772.91
2706	nan	13974556.04
2707	nan	13973341.38
2708	nan	13967431.87
2709	nan	13966834.95
2710	nan	13964867.41
2711	nan	13963754.23
2712	nan	13963159.59
2713	nan	13962565.63
2714	nan	13962459.83
2715	nan	13961037.11
2716	nan	13959485.7
2717	nan	13957322.73
2718	nan	13957217.97
2719	nan	13957113.48
2720	nan	13956678.43
2721	nan	13956199.9
2722	nan	13955689.05
2723	nan	13955179.73
2724	nan	13952724.3
2725	nan	13947500.37
2726	nan	13939478.34
2727	nan	13933947.1
2728	nan	13932555.45
2729	nan	13931388.11
2730	nan	13930185.64
2731	nan	13920902.09
2732	nan	13912561.21
2733	nan	13904258.04
2734	nan	13895986.51
2735	nan	13893898.3
2736	nan	13893788.34
2737	nan	13885554.07
2738	nan	13885453.31
2739	nan	13883366.42
2740	nan	13882947.68
2741	nan	13874753.51
2742	nan	13866593.45
2743	nan	13865537.46
2744	nan	13857411.9
2745	nan	13849303.16
2746	nan	13848746.67
2747	nan	13843789.03
2748	nan	13835718.58
2749	nan	13834390.91
2750	nan	13832998
2751	nan	13830941.05
2752	nan	13822681.91
2753	nan	13822583.75
2754	nan	13814566.28
2755	nan	13813259.55
2756	nan	13808430.47
2757	nan	13808333.19
2758	nan	13805817.85
2759	nan	13805713.43
2760	nan	13797510
2761	nan	13789552.35
2762	nan	13789188.53
2763	nan	13781031.12
2764	nan	13773117.77
2765	nan	13765382.37
2766	nan	13757511.91
2767	nan	13756034.83
2768	nan	13754430.25
2769	nan	13746594.67
2770	nan	13738791.66
2771	nan	13738696.7
2772	nan	13738601.99
2773	nan	13729514.32
2774	nan	13722277.51
2775	nan	13714037.45
2776	nan	13709537.61
2777	nan	13707925.75
2778	nan	13705927.51
2779	nan	13701658.21
2780	nan	13701120.18
2781	nan	13700643.55
2782	nan	13693104.54
2783	nan	13685966.45
2784	nan	13683540.44
2785	nan	13683448
2786	nan	13682975.73
2787	nan	13675174.42
2788	nan	13673573.65
2789	nan	13666202.6
2790	nan	13665673.26
2791	nan	13658331.1
2792	nan	13650728.32
2793	nan	13642070.25
2794	nan	13640518.45
2795	nan	13640427.57
2796	nan	13635125.99
2797	nan	13627558.61
2798	nan	13618682.27
2799	nan	13611159.99
2800	nan	13603511.35
2801	nan	13601596.62
2802	nan	13594101.52
2803	nan	13592841.95
2804	nan	13588658.45
2805	nan	13581196.63
2806	nan	13572631.75
2807	nan	13572160.64
2808	nan	13563856.79
2809	nan	13556945.2
2810	nan	13552338.75
2811	nan	13550829.77
2812	nan	13542335.91
2813	nan	13540454.65
2814	nan	13533590.64
2815	nan	13526224.38
2816	nan	13521560.86
2817	nan	13514213.78
2818	nan	13511887.21
2819	nan	13505716.61
2820	nan	13504756.75
2821	nan	13503674.03
2822	nan	13496371.17
2823	nan	13494880.95
2824	nan	13490553.72
2825	nan	13489144.24
2826	nan	13481873.76
2827	nan	13473286.05
2828	nan	13466051
2829	nan	13465965.29
2830	nan	13458767
2831	nan	13451597.43
2832	nan	13444243.47
2833	nan	13436919.48
2834	nan	13436455.58
2835	nan	13429340.56
2836	nan	13422246.09
2837	nan	13422161.48
2838	nan	13415103.23
2839	nan	13410866.52
2840	nan	13404204.68
2841	nan	13395740.03
2842	nan	13388736.26
2843	nan	13382121.92
2844	nan	13374986.33
2845	nan	13371618.24
2846	nan	13366729.45
2847	nan	13359781.46
2848	nan	13352718.94
2849	nan	13345584.3
2850	nan	13338678.33
2851	nan	13331799.93
2852	nan	13327881.2
2853	nan	13321035.4
2854	nan	13314216.91
2855	nan	13312125.32
2856	nan	13304046.84
2857	nan	13302580.07
2858	nan	13295805.61
2859	nan	13288865.98
2860	nan	13284989.86
2861	nan	13283649.49
2862	nan	13279682.98
2863	nan	13275299.84
2864	nan	13274384.73
2865	nan	13270489.2
2866	nan	13263767.43
2867	nan	13261155.38
2868	nan	13254461.05
2869	nan	13247801.09
2870	nan	13243740.31
2871	nan	13237110.33
2872	nan	13232216.57
2873	nan	13224605.74
2874	nan	13220774.36
2875	nan	13216911.19
2876	nan	13213092.81
2877	nan	13209841.09
2878	nan	13209761.82
2879	nan	13205957.48
2880	nan	13205878.59
2881	nan	13199297.77
2882	nan	13194635.92
2883	nan	13190363.19
2884	nan	13185514.43
2885	nan	13181728.83
2886	nan	13175194.15
2887	nan	13174314.37
2888	nan	13169583.77
2889	nan	13163380.85
2890	nan	13162391.41
2891	nan	13157587.17
2892	nan	13153828.64
2893	nan	13151373.29
2894	nan	13144888.13
2895	nan	13140079.64
2896	nan	13132641.07
2897	nan	13131509.36
2898	nan	13130642.56
2899	nan	13130566.25
2900	nan	13130483.14
2901	nan	13125567.52
2902	nan	13125159.05
2903	nan	13118720.33
2904	nan	13114991.92
2905	nan	13108585.33
2906	nan	13106380.1
2907	nan	13099911.32
2908	nan	13096112.12
2909	nan	13093697.88
2910	nan	13093589.88
2911	nan	13088949.57
2912	nan	13087985.64
2913	nan	13084284.62
2914	nan	13081565.06
2915	nan	13075230.02
2916	nan	13071466.53
2917	nan	13069283.33
2918	nan	13064592.28
2919	nan	13060914.31
2920	nan	13056700.75
2921	nan	13054529.29
2922	nan	13053683.95
2923	nan	13050026.62
2924	nan	13045887.88
2925	nan	13044828.48
2926	nan	13042860.83
2927	nan	13038754.54
2928	nan	13038674.25
2929	nan	13035035.37
2930	nan	13033360.1
2931	nan	13029733.77
2932	nan	13028324.7
2933	nan	13028218.32
2934	nan	13024603.65
2935	nan	13019046.29
2936	nan	13015443.95
2937	nan	13013748.38
2938	nan	13013677.6
2939	nan	13013294.13
2940	nan	13007043.36
2941	nan	13000820.24
2942	nan	13000416.43
2943	nan	12998290.29
2944	nan	12995962.4
2945	nan	12989774.08
2946	nan	12984531.98
2947	nan	12979444.4
2948	nan	12978416.04
2949	nan	12978346.66
2950	nan	12975891.51
2951	nan	12970395.72
2952	nan	12968323.42
2953	nan	12967949.72
2954	nan	12963272.7
2955	nan	12962259.19
2956	nan	12958038.68
2957	nan	12955471.34
2958	nan	12951048.99
2959	nan	12948956.75
2960	nan	12942832.07
2961	nan	12936734.44
2962	nan	12930663.71
2963	nan	12925729.59
2964	nan	12923646.79
2965	nan	12922070.67
2966	nan	12920001.96
2967	nan	12917938.18
2968	nan	12912523.11
2969	nan	12908996.12
2970	nan	12905266.94
2971	nan	12901852.62
2972	nan	12899548.16
2973	nan	12895911.91
2974	nan	12892400.05
2975	nan	12891426.76
2976	nan	12887746.42
2977	nan	12884247.22
2978	nan	12881549.34
2979	nan	12879812.4
2980	nan	12877777.77
2981	nan	12871783.53
2982	nan	12866249.82
2983	nan	12866184.5
2984	nan	12862707.58
2985	nan	12860027.63
2986	nan	12859069.28
2987	nan	12858715.04
2988	nan	12856704.46
2989	nan	12856640.01
2990	nan	12854924.84
2991	nan	12850305.04
2992	nan	12847950.75
2993	nan	12846673.42
2994	nan	12841362.97
2995	nan	12839363.22
2996	nan	12836272.45
2997	nan	12836209.02
2998	nan	12832146.24
2999	nan	12832051.36
